,Target,composition,volume_per_atom,material_id
1239,404.585746930088,Ag2GeS3,23.0924285478454,1239
350,116.585769797805,Ag2HgI4,40.1660425648043,350
722,336.58575232941,Ag2HgSI2,33.0834573284727,722
230,496.585739625123,Ag2PbO2,18.6178430495506,230
469,334.585752488214,Ag2TeS3,24.54171466522,469
1246,608.585730732122,AgAuO2,15.3358280040982,1246
488,234.068869969567,AgBiS2,22.6269656531795,488
329,127.585768924385,AgBr,25.0461143580566,329
293,183.585764477884,AgCl,22.2164372789687,293
292,103.345359484869,AgI,29.346365607374,292
1021,464.585742165981,AgP2,19.339615918688,1021
804,457.585742721793,Al2CdS4,23.2975612406711,804
523,386.585748359321,Al2CdSe4,26.8700297797209,523
983,332.585752647017,Al2CdTe4,33.7937170465595,983
980,465.585742086579,Al2HgS4,23.3917905561102,980
501,383.585748597526,Al2HgSe4,26.9836355925767,501
984,329.585752885223,Al2HgTe4,33.7826003154922,984
70,792.585716122193,Al2O3,8.74200077442887,70
886,442.58574391282,Al2Os,14.0827221702569,886
75,429.585744945044,Al2Se3,26.0866422306431,75
981,387.585748279919,Al2ZnSe4,24.9064545527721,981
982,332.585752647017,Al2ZnTe4,31.7476250579915,982
188,850.585711516889,Al4C3,11.6520141642582,188
1173,780.585717075014,AlAgO2,11.4305858194162,1173
794,436.585744389231,AlAgS2,21.7269134630378,794
151,373.585749391544,AlAgSe2,25.3677702716769,151
152,323.585753361633,AlAgTe2,31.5193834124005,152
257,331.585752726419,AlAs,23.5628302889743,257
975,990.585700400638,AlAsO4,16.9906123329675,975
435,495.585739704525,AlCuCl4,25.9396027869359,435
512,836.585712628514,AlCuO2,10.2466303665502,512
634,462.585742324784,AlCuS2,18.6856373337924,634
1001,375.58574923274,AlCuSe2,22.1740148036095,1001
1002,326.585753123428,AlCuTe2,27.9812111957879,1002
624,710.58572263314,AlF3,11.5387764677836,624
3,718.585721997925,AlGaN2,11.1817779095103,3
362,1886.58562925663,AlH3,8.53454747772006,362
838,719.585721918524,AlN,10.6318208407105,838
1093,418.585745818463,AlP,20.8594556466571,1093
974,1208.58568309105,AlPO4,16.0467509473995,974
390,291.585755902491,AlSb,30.2803121105962,390
849,767.585718107237,AlSbO4,10.4530479319103,849
176,295.585755584884,As2Ir,18.1119164766954,176
374,276.585757093518,As2Os,17.4484066645146,374
224,719.585721918524,As2PbO6,13.2765148296651,224
191,295.585755584884,As2Rh,17.9578706551487,191
956,289.585756061294,As2Ru,17.2495779954407,956
406,601.585731287935,Au2O3,14.1033070374761,406
194,1164.58568658473,B,7.24926681234652,194
1,701.585723347756,BAs,13.9910160470597,1
529,1070.58569404849,BAsO4,12.053835028305,529
199,1223.58568190002,BN,5.95860470394358,199
165,791.585716201595,BP,11.7498468274868,165
552,1221.58568205882,BPO4,11.0328323750583,552
1058,250.585759157964,Ba(AgS)2,24.6944584324474,1058
112,1002.58569944782,Ba(BeN)2,13.7150684803085,112
1035,276.585757093518,Ba(CdP)2,26.3220773068127,1035
895,614.585730255712,Ba(CuO)2,17.0562399686265,895
574,226.585761063607,Ba(GaTe2)2,36.3152339842061,574
1036,288.585756140696,Ba(MgAs)2,27.6013127247204,1036
473,233.585760507795,Ba(MgBi)2,35.1856586527058,473
1034,310.585754393857,Ba(MgP)2,25.4445764630178,1034
1152,252.585758999161,Ba(MgSb)2,33.1113491563619,1152
1114,644.585727873658,Ba(SbO3)2,16.4219305249098,1114
1060,113.58577003601,Ba2AsAu,32.8100628984606,1060
1066,94.5857715446441,Ba2BiAu,37.3592185530219,1066
321,652.585727238444,Ba2BiSbO6,16.2477823782228,321
691,1283.58567713591,Ba2Ca(BO3)2,14.3709688952009,691
706,628.585729144087,Ba2CuBrO2,26.8824438669013,706
697,628.585729144087,Ba2CuClO2,26.0061981499439,697
864,1853.58563187689,Ba2H6Os,14.892187592345,864
863,1733.58564140511,Ba2H6Ru,14.6455842633535,863
927,740.585720251086,Ba2HfO4,17.1197966455555,927
1138,446.086461646057,Ba2HfS4,27.9569799722902,1138
699,390.585748041713,Ba2I2O,37.730020299935,699
709,735.680593702308,Ba2LaNbO6,16.6576283088416,709
696,687.558452182579,Ba2LaSbO6,16.6080702256314,696
115,753.945626176183,Ba2LaTaO6,16.5876108439673,115
815,791.585716201595,Ba2LiReO6,13.9623795139966,815
1127,1298.58567594489,Ba2Mg(BO3)2,12.968247510148,1127
830,1191.58568444088,Ba2MgH6,14.3817402709116,830
20,366.585749947356,Ba2NF,23.9347774515915,20
430,230.585760746,Ba2PCl,36.3821304654054,430
228,635.285556532021,Ba2PbO4,18.5246879555452,228
1065,107.585770512421,Ba2SbAu,36.0630822263848,1065
535,693.58572398297,Ba2SnO4,17.1288951352161,535
121,695.307165129743,Ba2SrTeO6,16.4749297875044,121
679,744.616526936118,Ba2TaBiO6,16.2538844991334,679
91,781.585716995612,Ba2YTaO6,15.5508353187836,91
1136,659.585726682631,Ba2ZnN2,23.2604576504031,1136
1041,726.585721362711,Ba2ZrO4,17.5682786445328,1041
575,456.97355178318,Ba2ZrS4,28.4985870325123,575
747,430.585744865642,Ba3BiN,35.670237062655,747
237,620.585729779301,Ba3In2O6,18.1134923256558,237
105,435.585744468633,Ba3SbN,34.3916021052771,105
940,737.403877081817,Ba3Zr2O7,16.6809840774843,940
717,339.585752091205,BaAg2SnS4,26.0057117425005,717
203,244.585759634375,BaAgTeF,25.8242069984333,203
1209,1377.58566967214,BaAl2B2O7,15.3224019630419,1209
108,978.585701353459,BaAl2Sb2O7,17.9129349942228,108
783,1241.58568047079,BaAlSiH,21.4037754659003,783
725,1151.58568761695,BaB2F8,13.346873688564,725
692,1033.89404246553,BaBeSiO4,14.2014546605337,692
705,542.585735972641,BaBiClO2,23.2140683029452,705
695,507.585738751704,BaBiIO2,26.5773715220361,695
418,125.585769083188,BaBr2,35.7959124067052,418
317,265.585757966938,BaBrF,26.4275476519696,317
67,170.585765510108,BaCaSn,38.6541480176686,67
763,184.585764398483,BaCl2,33.9582111619549,763
347,283.585756537705,BaClF,24.375564702076,347
1118,282.39473424405,BaCuSeF,21.0101322744091,1118
32,301.585755108473,BaF2,20.6698186770081,32
2,1138.58568864917,BaGaSiH,21.1127983629759,2
372,820.585713898943,BaHBr,26.1624453889319,372
359,847.585711755094,BaHCl,23.9826689587305,359
360,779.585717154416,BaHI,29.8623438079663,360
33,719.585721918524,BaHfN2,18.2745796227627,33
1257,774.585717551425,BaHfO3,14.8651039284247,1257
581,618.585729938105,BaHgO2,25.0471970095607,581
332,106.585770591823,BaI2,44.217894084007,332
299,242.585759793179,BaIF,30.0998389609677,299
47,359.585750503169,BaLiAs,27.6755186616381,47
29,481.58574081615,BaLiF3,13.3123628859751,29
356,1013.5856985744,BaLiH3,12.9809205552489,356
120,350.585751217785,BaLiP,25.9436384514939,120
41,336.58575232941,BaLiSb,32.4378410334377,41
828,1867.58563076527,BaMg2FeH8,10.443529193932,828
772,2181.5856058331,BaN3Cl,20.212776540473,772
840,1271.58567808873,BaNaBO3,14.0887685557526,840
517,166.585765827715,BaNaBi,37.9996240788615,517
1188,211.585762254634,BaNaP,28.9878769585218,1188
1172,177.585764954295,BaNaSb,35.8999660152009,1172
123,374.585749312142,BaO,22.043495180865,123
63,910.585706752781,BaO2,17.3822964393831,63
972,444.585743754017,BaP3,25.3728389764166,972
103,520.58573771948,BaPdF4,18.1757416134289,103
588,328.585752964624,BaPdS2,26.5228243773217,588
168,218.585761698822,BaS,33.6547980521394,168
851,458.585742642391,BaS2,30.3622373982377,851
361,457.585742721793,BaS3,25.8137771118034,361
678,573.585733511185,BaSbClO2,21.8588801757005,678
99,109.585770353617,BaSe,37.3705668492131,99
931,225.585761143009,BaSe2,34.3648665203334,931
933,237.585760190188,BaSe3,29.5892384813598,933
871,777.58571731322,BaSeO3,18.4639010056432,871
727,785.585716678005,BaSiF6,13.7808513617877,727
524,721.255005369612,BaSnO3,14.6976270898719,524
924,142.585767733358,BaSr2I6,51.5205337855666,924
0,98.5857712270369,BaTe,44.5455472781976,0
676,708.870757299335,BaTeO3,19.6345146423779,676
74,1382.58566927514,BaTi(BO3)2,12.5008738993119,74
636,735.538617696687,BaTiO3,13.5940613438267,636
34,172.585765351304,BaYCuTe3,31.7698907373422,34
602,619.585729858703,BaZnO2,17.5736668420405,602
515,714.585722315533,BaZrN2,18.7517595504576,515
577,763.45856350738,BaZrO3,15.4148632996818,577
179,939.585704450129,Be2C,6.75458415333949,179
751,604.58573104973,Be3P2,13.2376238179095,751
423,989.58570048004,Be4TeO7,9.33877885680346,423
180,1209.58568301165,BeCN2,6.18491951696683,180
189,932.585705005942,BeF2,11.7061262971289,189
12,540.585736131445,BeGeAs2,20.3175073665423,12
208,1011.5856987332,BeO,6.99027404347453,208
601,599.585731446739,BeS,14.4779023284904,601
639,1234.5856810266,BeSO4,12.2685137846655,639
173,565.5857341464,BeSe,17.411838205809,173
11,528.585737084266,BeSiAs2,19.3814279677268,11
181,982.585701035852,BeSiN2,8.46574047618786,181
10,590.585732161355,BeSiP2,16.8262063849651,10
9,523.585737481275,BeSnAs2,22.7097941782064,9
382,501.585739228114,BeTe,22.7527559693295,382
340,1476.89876304432,Bi(BO2)3,11.99171208205,340
307,727.585721283309,BiSbO4,13.6897964134673,307
837,1310.58567499206,C,5.70515785613333,837
617,739.585720330488,Ca(AsO3)2,12.0017561284558,617
31,1292.5856764213,Ca(BC)2,10.7099479318646,31
87,1112.58569071362,Ca(BeN)2,10.6766597821491,87
876,185.585764319081,Ca(CdAs)2,24.912327675084,876
1154,297.58575542608,Ca(CdP)2,22.8737179740873,1154
1149,306.585754711464,Ca(MgAs)2,23.7747780036259,1149
472,235.585760348991,Ca(MgBi)2,30.9160114953197,472
1150,254.585758840357,Ca(MgSb)2,28.940217348046,1150
1112,657.585726841435,Ca(SbO3)2,13.9054249844843,1112
1155,212.585762175232,Ca(ZnAs)2,21.4763446570032,1155
1153,328.585752964624,Ca(ZnP)2,19.4257040579776,1153
451,222.585761381215,Ca2AsI,31.5539504435646,451
306,451.585743198204,Ca2BrN,20.8163272673507,306
502,223.585761301813,Ca2Ge,28.2732555297126,502
450,423.585745421454,Ca2IN,23.1325017342716,450
297,468.585741848374,Ca2NCl,19.358304808068,297
534,507.585738751704,Ca2NF,15.7312979197056,534
312,289.585756061294,Ca2PI,30.1209855668757,312
13,240.585759951982,Ca2Si,30.701683399758,13
786,344.585751694196,Ca2Zn2CuP3,19.0650662514339,786
1086,673.585725571006,Ca2ZnN2,16.366424922434,1086
408,244.585759634375,Ca3AsBr3,30.3338371149378,408
436,287.585756220098,Ca3AsCl3,27.6564154442019,436
499,1648.58564815426,Ca3BN3,14.8821390880229,499
935,480.585740895552,Ca3CdO4,14.0003118161319,935
475,304.585754870268,Ca3PCl3,26.6401148042748,475
84,485.110259021879,Ca3PN,21.1048431688549,84
1084,474.585741371963,Ca4As2O,23.0838660079462,1084
700,374.585749312142,Ca4Bi2O,27.067717738881,700
663,506.585738831106,Ca4P2O,21.9564624823211,663
130,401.585747168294,Ca4Sb2O,25.9740354531131,130
707,574.585733431784,CaBiClO2,20.558213158395,707
279,222.585761381215,CaBr2,34.2868699209667,279
594,2148.58560845336,CaCN2,14.8650561145193,594
583,1500.58565990572,CaCO3,12.7456323854673,583
917,465.585742086579,CaCdO2,13.8816750729146,917
327,257.585758602152,CaCl2,28.9689844841104,327
419,360.585750423767,CaClF,17.6869791831926,419
413,373.585749391544,CaF2,13.9863290126681,413
971,769.180019122109,CaGeN2,13.5534098806026,971
357,999.585699686022,CaHCl,17.0130368666686,357
823,3592.58549379717,CaHClO,16.2740486474094,823
546,3285.23090204327,CaHN,11.9344049053801,546
874,640.585728191265,CaHgO2,18.0676349833912,874
833,1519.58565839709,CaMg(CO3)2,11.0936377704334,833
795,542.585735972641,CaMg2N2,13.4315765288988,795
1235,1002.94475133807,CaMoN3,14.3823499705884,1235
389,466.585742007177,CaO,14.1660477515339,389
125,432.585744706838,CaP,24.2405951748775,125
1013,533.585736687257,CaPdF4,14.1003239913647,1013
987,632.58572882648,CaPdF6,15.3476801965166,987
1027,616.585730096908,CaPtF6,15.8417336892707,1027
202,244.585759634375,CaS,23.3475649326194,202
607,1173.58568587011,CaSO4,13.2102221783304,607
156,184.585764398483,CaSe,26.5256883557379,156
162,1340.58567261001,CaSn(BO3)2,11.4185029084385,162
628,601.585731287935,CaSnF6,18.4013086937962,628
599,607.585730811524,CaSnO3,13.8728266096732,599
1236,1297.58567602429,CaTcN3,14.0918147049262,1236
170,163.58576606592,CaTe,32.7254424631238,170
411,684.585724697586,CaTiF6,18.068581477986,411
1232,1335.58567300702,CaWN3,14.857571053571,1232
881,742.585720092282,Cd(AsO3)2,11.6522953838435,881
609,352.585751058982,Cd(GaS2)2,23.6075419072742,609
570,250.585759157964,Cd(GaSe2)2,27.1026514739756,570
143,208.58576249284,Cd(GaTe2)2,33.7656856695643,143
754,202.58576296925,Cd(InSe2)2,30.3561623007307,754
254,166.585765827715,Cd(InTe2)2,37.3139734320394,254
1024,689.585724300577,Cd(PtO2)3,12.2385858784798,1024
1098,656.585726920836,Cd(SbO3)2,13.4462693726227,1098
848,240.585759951982,Cd3AsI3,39.436742103047,848
1249,634.585728667676,CdAuO2,15.2148469974231,1249
937,541.585736052042,CdBiO3,15.2352217647214,937
58,2151.58560821516,CdCN2,13.767788711029,58
605,1470.58566228778,CdCO3,12.068863965292,605
368,373.585749391544,CdF2,13.8083905455073,368
561,371.585749550348,CdGeP2,23.1558073871256,561
565,524.585737401873,CdPbF6,17.6781160671811,565
145,619.585729858703,CdPdF6,14.6164041752968,145
800,592.585732002551,CdPtF6,14.8689187101987,800
562,251.017890699583,CdS,20.9431059857015,562
1056,1186.58568483789,CdSO4,13.8364670463437,1056
50,187.585764160277,CdSe,29.9733421807568,50
510,392.58574788291,CdSiAs2,24.8415382118079,510
623,476.585741213159,CdSiP2,21.7185164925201,623
137,595.585731764346,CdSnF6,16.4166920502983,137
926,589.585732240757,CdSnO3,13.6150689866482,926
656,334.585752488214,CdSnP2,26.2519169229547,656
104,144.585767574554,CdTe,36.4556663031015,104
620,400.585747247695,CoAsS,14.5192742192159,620
160,477.585741133757,CoP2,13.0844021146062,160
750,322.585753441035,Cs2AgAuCl6,31.7733007688119,750
1223,1340.34104436849,Cs2AlInH6,17.294111985913,1223
1229,1390.58566863992,Cs2AlTlH6,17.7268959635442,1229
1088,284.585756458303,Cs2As2Pd,35.6894660033046,1088
169,435.585744468633,Cs2CaF4,22.4068026232963,169
865,1188.58568467908,Cs2CaH4,23.7931990131402,865
431,317.585753838044,Cs2GeCl6,32.8437474619171,431
1025,588.585732320158,Cs2GeF6,21.4366758982369,1025
826,2094.58561274106,Cs2H6Pt,20.7224005726785,826
142,572.585733590587,Cs2HfF6,20.7825441178174,142
478,165.585765907117,Cs2HfI6,48.0545724135898,478
1104,405.017588021876,Cs2HgF4,23.6585493205401,1104
888,605.585730970328,Cs2HgO2,30.195270196721,888
1222,506.585738831106,Cs2KGaF6,19.1970155258714,1222
734,543.585735893239,Cs2KRhF6,19.6610839718131,734
839,547.585735575632,Cs2LiGaF6,18.1493238879375,839
1218,224.585761222411,Cs2LiInBr6,34.1242109173949,1218
1227,411.585746374276,Cs2LiTlF6,17.7119708549488,1227
745,294.585755664285,Cs2LiYCl6,29.899183467221,745
1237,1407.58566729009,Cs2NaAlH6,16.0456009669224,1237
1230,276.585757093518,Cs2NaAsCl6,30.5559386241032,1230
732,442.58574391282,Cs2NaBiF6,20.4040326105617,732
1228,285.585756378902,Cs2NaInCl6,31.2424686104963,1228
134,465.585742086579,Cs2NaInF6,18.6271915559554,134
1231,1317.58567443625,Cs2NaInH6,17.7865156312473,1231
810,500.585739307516,Cs2NaScF6,18.1122874282962,810
132,443.585743833418,Cs2NaTlF6,19.3569319397634,132
138,461.585742404186,Cs2NaYF6,19.4761365476613,138
999,269.58575764933,Cs2O,38.5343020101022,999
978,829.017456720019,Cs2O2,27.6163272105383,978
346,269.58575764933,Cs2PbCl6,35.4128272523231,346
675,257.585758602152,Cs2Pd(IBr2)2,38.3889801375463,675
650,347.585751455991,Cs2Pd3S4,27.7700013926098,650
640,602.585731208533,Cs2PdF6,21.8042315558598,640
127,83.4262226588859,Cs2Pt,40.3871736138434,127
146,375.58574923274,Cs2Pt3S4,28.6774941711872,146
496,228.585760904804,Cs2PtBr6,37.4678249408181,496
645,1804.58563576758,Cs2PtC2,30.1886404682678,645
345,332.585752647017,Cs2PtCl6,33.284731562319,345
1128,584.585732637766,Cs2PtF6,21.9821645312114,1128
316,177.585764954295,Cs2PtI6,44.9258955036658,316
1233,512.585738354695,Cs2RbGaF6,20.2966317818687,1233
667,184.585764398483,Cs2S,42.161393989555,667
15,100.585771068233,Cs2Se,51.2954545932049,15
906,237.585760190188,Cs2Se3,40.793712855512,906
429,304.585754870268,Cs2SeCl6,33.764169075449,429
790,400.585747247695,Cs2SiAs2,36.9412222981591,790
591,735.585720648095,Cs2SiF6,20.6772188674381,591
1101,463.585742245383,Cs2SiP2,34.3587989579176,1101
1102,214.585762016429,Cs2SnAs2,41.8328758008706,1102
821,218.585761698822,Cs2SnBr6,39.3973226002244,821
807,309.585754473259,Cs2SnCl6,33.704561590364,807
890,533.585736687257,Cs2SnF6,20.6506335076566,890
792,85.5857722592602,Cs2Te,54.5882144942438,792
644,145.585767495153,Cs2Te3,47.5885168258746,644
344,213.585762095831,Cs2TeBr6,39.6416973384233,344
348,275.58575717292,Cs2TeCl6,35.5395838532464,348
668,173.585765271902,Cs2TeI6,48.7932174347286,668
427,366.585749947356,Cs2TiCl6,32.7743719863557,427
527,441.585743992222,Cs2TiS3,32.1314194725532,527
1225,501.585739228114,Cs2TlGaF6,20.3140761529865,1225
819,333.585752567616,Cs2ZrCl6,34.9879485459762,819
979,562.585734384605,Cs2ZrF6,21.0557001491812,979
1083,693.58572398297,Cs2ZrO3,22.5925428495153,1083
1214,289.585756061294,Cs2ZrSe3,39.0101927089098,1214
788,980.585701194656,Cs3BAs2,40.867311652982,788
1179,1117.58569031661,Cs3BP2,38.0810011590014,1179
36,69.6372240578896,Cs3Sb,51.1000181500643,36
737,268.585757728732,CsAg3S2,25.1221192882809,737
743,223.585761301813,CsAgCl2,32.9884932930238,743
779,620.585729779301,CsAsF4,22.3950161355887,779
394,65.5857738472961,CsAu,42.0443701868866,394
1142,341.585751932401,CsAu3S2,33.4884283885334,1142
1144,241.58575987258,CsAu3Se2,34.6782913723433,1144
768,236.585760269589,CsAuBr3,36.8691264222306,768
349,335.585752408812,CsAuCl3,32.7096165609559,349
449,191.58576384267,CsAuI3,44.756312064962,449
1259,541.585736052042,CsAuO,28.502202878518,1259
793,231.607604657946,CsAuSe,38.8955281261136,793
752,234.585760428393,CsAuSe3,34.1642805897149,752
712,1384.58566911633,CsBe2BO3F2,14.2531661486347,712
370,1784.58563735561,CsBeH3,22.7603293300253,370
417,549.585735416828,CsBiF6,21.0244939047804,417
482,554.585735019819,CsBiO2,26.0582405415605,482
785,72.5857732914835,CsBr,50.6960954226406,785
296,272.585757411125,CsBrF,32.5119853447103,296
671,581.585732875971,CsBrF6,19.217065698863,671
460,790.585716280996,CsBrO3,21.9612526177867,460
495,221.853739916994,CsCaBr3,38.4721324790933,495
880,436.585744389231,CsCaF3,19.2383054176518,880
831,1220.58568213823,CsCaH3,19.876707814821,831
730,330.585752805821,CsCdAuS2,30.217320425223,730
673,165.175650287612,CsCdBr3,37.1815787873973,673
759,271.585757490527,CsCdCl3,30.2811994294132,759
1044,436.585744389231,CsCdF3,18.9993993213548,1044
276,115.585769877206,CsCl,37.2841146189604,276
710,605.585730970328,CsCu3O2,21.7738136080323,710
970,426.585745183249,CsCu3S2,27.749956081543,970
669,625.585729382292,CsCuO,26.5146550900875,669
711,663.585726365024,CsCuO2,22.5670507105014,711
1055,213.475610098721,CsF,25.3704008331319,1055
637,381.58574875633,CsGaS2,33.1232126814549,637
303,273.585757331723,CsGeCl3,33.607397466926,303
447,160.620206064518,CsGeI3,45.328779405695,447
816,675.585725412203,CsH,28.7251380095732,816
812,3305.58551658549,CsHO,20.5534668957832,812
738,422.016075560332,CsHgF3,20.4378359621628,738
809,61.5857741649032,CsI,60.679401348313,809
304,263.585758125741,CsICl2,38.8242250239899,304
445,754.585719139461,CsIO3,21.9356074802846,445
796,114.585769956608,CsK2Sb,41.9954222916475,796
97,159.585766383528,CsLaCdTe3,41.8893573424186,97
735,247.58575939617,CsLaS2,32.9328962062646,735
343,361.585750344365,CsLiCl2,29.5164150205217,343
489,315.585753996848,CsMgBr3,35.0718457937895,489
305,368.585749788553,CsMgCl3,29.8388416438588,305
490,257.381155760325,CsMgI3,43.2772273537234,490
530,1315.58567459506,CsNO2,21.573411425037,530
1069,195.585763525063,CsNaSe,34.8179378136677,1069
659,173.585765271902,CsNaTe,41.5594349137553,659
733,793.585716042791,CsNaTiO3,16.3573195847021,733
718,1194.9022217453,CsNb(PO4)2,17.5773540414473,718
842,852.45791646431,CsPF6,17.9976490968631,842
642,653.585727159042,CsPS3,33.3690345120752,642
232,366.585749947356,CsPbF3,23.2146781986966,232
1212,73.56765209309,CsRb2Sb,46.500906591462,1212
474,483.585740657347,CsS,44.2329677969177,474
1174,640.585728191265,CsSbF6,19.8938902296776,1174
651,607.585730811524,CsSbO2,25.2431280505321,651
1255,190.002303885001,CsSeBr3,42.7335534936826,1255
736,459.58574256299,CsSnS3,33.0011744651422,736
1256,157.585766542331,CsSrBr3,41.2081327008888,1256
541,1054.16803902008,CsTaN2,22.0050831262439,541
1042,166.585765827715,CsTe,47.6963511666287,1042
791,201.585763048652,CsTeAu,42.930818890308,791
65,199.585763207456,CsYHgSe3,32.9680709154494,65
670,478.585741054356,CsYO2,18.9495458788571,670
342,146.585767415751,Cu2HgI4,34.6196886354835,342
477,602.585731208533,Cu2PbO2,15.5361409830412,477
187,420.58574565966,Cu2SiSe3,21.2559539422455,187
537,491.585740022132,Cu4SnP10,18.296261059908,537
113,689.585724300577,CuBS2,14.2243887224911,113
1207,607.585730811524,CuBSe2,17.2448925533549,1207
320,437.585744309829,CuBiSeO,17.6819004161482,320
290,177.585764954295,CuBr,23.1371293910294,290
291,253.585758919759,CuCl,19.7336913251835,291
281,153.585766859938,CuI,27.9531202847405,281
1130,486.585740419141,CuP2,16.2083496571351,1130
154,691.585724141774,CuRhO2,12.1762074054631,154
1119,504.585738989909,Fe(SiP)4,16.043581509854,1119
227,330.585752805821,FeAs2,15.3352681237432,227
225,468.585741848374,FeP2,12.7151583269114,225
171,447.585743515811,FeS2,13.5701790298036,171
432,427.585745103847,FeSbS,16.691375034099,432
946,310.585754393857,FeSe2,16.6888686777394,946
629,350.585751217785,Ga2HgS4,23.7091944823912,629
197,206.585762651643,Ga2HgTe4,33.7405443755612,197
94,674.585725491604,Ga2O3,10.0683551172114,94
528,391.585747962312,Ga2S3,22.5008631603267,528
122,280.585756775911,Ga2Se3,26.2145186957916,122
580,229.585760825402,Ga2Te3,33.1841603085885,580
353,223.585761301813,Ga2Te5,33.5263016360698,353
407,369.585749709151,Ga2TeS2,26.9325415700446,407
448,273.585757331723,Ga2TeSe2,30.391472658554,448
780,313.585754155651,Ga3Os,18.3529534596637,780
61,614.585730255712,GaAgO2,12.5563309341508,61
660,347.585751455991,GaAgS2,22.2106723851694,660
698,234.585760428393,GaAgSe2,25.8672063404228,698
385,259.585758443348,GaAs,23.7659363225381,385
479,213.585762095831,GaCuI4,40.4345046641812,479
60,679.585725094595,GaCuO2,11.3516517265296,60
657,358.585750582571,GaCuS2,19.0876112626302,657
578,204.585762810447,GaCuTe2,28.1427406689,578
803,634.585728667676,GaF3,12.4007472909306,803
1039,670.585725809211,GaN,11.7402381250492,1039
1095,376.585749153339,GaP,20.8487014866988,1095
850,1147.58568793456,GaPO4,15.9025107892503,850
598,904.585707229192,Ge2N2O,14.2395485485766,598
626,795.585715883987,GeO2,9.74585823976146,626
248,256.585758681554,GePtSe,19.0376361939156,248
1193,806.585715010568,HfGeO4,10.551239753714,1193
1122,239.585760031384,HfNiSn,19.0505764715959,1122
966,759.585718742452,HfO2,12.6908109111453,966
619,1077.58569349268,HfSiO4,10.9846256185614,619
85,197.585763366259,HfSnPd,21.4737668217517,85
573,726.585721362711,Hg(AsO3)2,12.0874520678717,573
525,272.585757411125,Hg2GeSe4,28.3689122611042,525
1016,354.585750900178,HgF2,15.0525981837173,1016
243,204.585762810447,In2HgSe4,30.4990136246944,243
219,166.585765827715,In2HgTe4,37.3661082208492,219
268,583.585732717167,In2O3,13.2828068800456,268
235,571.585733669989,InAgO2,15.4486757662447,235
221,317.585753838044,InAgS2,25.3165994814564,221
873,1309.58567507147,InBO3,10.890368727571,873
263,173.585765271902,InCuTe2,31.1402798399388,263
858,575.585733352382,InF3,16.0459297792897,858
1009,647.585727635453,InGaO3,11.9944630931606,1009
638,2264.58559924275,InHO2,10.379571750527,638
1177,328.585752964624,InP,26.4920669065179,1177
941,1129.58568936379,InPO4,12.6797166821555,941
247,565.5857341464,InPS4,25.7328020419968,247
220,303.585754949669,InS,25.5589742934067,220
1061,442.58574391282,Ir2S3,16.6762604702979,1061
953,227.585760984206,K2AgAs,30.9628669958056,953
420,169.58576558951,K2AgBi,37.210165578826,420
1197,294.585755664285,K2AgP,29.1335687179538,1197
954,195.585763525063,K2AgSb,35.3289143238346,954
1146,624.585729461694,K2AlF5,17.091708112356,1146
1012,282.585756617107,K2As2Pd,29.3075825710676,1012
38,1979.58562187226,K2CN2,18.7241173836252,38
834,1520.58565831769,K2Ca(CO3)2,14.4467055067604,834
178,282.585756617107,K2CuAs,28.5426724907957,178
1053,356.585750741374,K2CuP,26.6272482898047,1053
755,259.585758443348,K2Ga3,28.8925059110923,755
1099,262.585758205143,K2GeAs2,32.0370783272849,1099
973,607.585730811524,K2GeF6,15.2096459139234,973
1181,308.58575455266,K2GeSe3,33.7431045565367,1181
827,1872.58563036826,K2H4Pd,19.1479537843918,827
829,2100.58561226465,K2H6Pt,15.4091513321085,829
375,3637.58549022409,K2HBrO,24.0847679651554,375
801,617.585730017506,K2HgO2,22.6041478161644,801
1208,634.585728667676,K2LiAlF6,12.7256415364599,1208
832,402.585747088892,K2LiAlP2,23.449462754585,832
1010,1531.58565744427,K2Mg(CO3)2,12.6795906956877,1010
403,331.598103364159,K2MgCl4,28.2048516327055,403
516,502.585739148713,K2MgF4,15.5274235238819,516
364,1333.58567316582,K2MgH4,15.9474625934649,364
836,643.58572795306,K2NaAlF6,14.0583259191314,836
255,202.58576296925,K2NaInAs2,30.2685411395841,255
256,261.585758284545,K2NaInP2,28.0332364331056,256
1178,491.585740022132,K2NiP2,24.9110825381289,1178
1182,296.585755505482,K2O,22.7563043144053,1182
396,847.585711755094,K2O2,19.7851758071588,396
911,490.585740101534,K2P2Pd,27.2944632653132,911
1030,505.585738910507,K2P3,29.6781232529923,1030
1180,317.585753838044,K2PAu,29.1544313593193,1180
401,254.585758840357,K2PdBr4,36.1612580688649,401
300,331.585752726419,K2PdCl4,30.8682899648384,300
998,615.58573017631,K2PdF6,15.7886492290485,998
666,549.585735416828,K2PdO2,17.0216051130981,666
405,232.585760587197,K2PtBr4,35.9993279901052,405
1195,1801.58563600578,K2PtC2,24.3868801710053,1195
295,331.585752726419,K2PtCl4,30.7388801644849,295
576,598.585731526141,K2PtF6,15.9631060278095,576
988,351.585751138383,K2PtS2,25.0345492770033,988
1062,208.58576249284,K2PtSe2,28.115114924322,1062
26,184.585764398483,K2S,34.6606628102168,26
957,447.585743515811,K2S3,28.4988130000118,957
1051,125.585769083188,K2Se,38.8995663069758,1051
958,229.585760825402,K2Se3,32.011077799726,958
870,412.585746294874,K2SiAs2,30.6118453401827,870
503,779.585717154416,K2SiF6,15.5951129640314,503
1026,478.585741054356,K2SiP2,27.7704375519887,1026
53,369.585749709151,K2Sn(AsS3)2,26.8169741051826,53
765,236.585760269589,K2SnHgSe4,30.2759932681068,765
883,887.811580454068,K2SrTa2O7,14.8576863037695,883
207,129.585768765581,K2Te,46.4892673426894,207
1064,175.585765113099,K2Te2Pt,33.7158254393515,1064
1078,731.585720965702,K2TeO3,21.3274836379823,1078
584,641.585728111863,K2TiF6,15.5527583465828,584
118,795.585715883987,K2TiO3,16.4775457259929,118
1157,493.585739863329,K2ZnF4,16.2508727214681,1157
1018,483.815832427575,K2ZnO2,17.6468840810873,1018
101,187.585764160277,K2ZnTe2,36.8811261810079,101
1097,1376.58566975155,K2Zr(BO3)2,13.505519347893,1097
159,236.585760269589,K3Ag3As2,28.9063184463681,159
1120,286.5857562995,K3AuO,30.0925677708609,1120
1176,1117.58569031661,K3BP2,29.6666289002341,1176
158,287.585756220098,K3Cu3As2,25.0783270726896,158
903,371.585749550348,K3Cu3P2,23.6101343483266,903
440,275.58575717292,K3IO,31.1641796675136,440
231,263.585758125741,K3InP2,32.2997103233473,231
438,1212.58568277344,K3NO3,20.1775533696217,438
157,904.376237450921,K3NbO8,16.080101595004,157
18,135.955789672884,K3Sb,39.2463409095157,18
1132,188.585764080876,K3Sb2Au3,31.8680359696188,1132
625,895.010789549938,K3TaO8,16.0350098636433,625
518,504.585738989909,K3Zn2F7,15.3442411296116,518
484,765.585718266041,K4BeAs2,35.1883509638886,484
1215,848.585711675692,K4BeP2,32.6941919783948,1215
456,322.585753441035,K4Br2O,32.8107831579046,456
485,257.585758602152,K4CdAs2,39.7079967121097,485
446,346.585751535392,K4CdP2,36.957296287674,446
481,230.585760746,K4HgAs2,39.3932059863081,481
1081,324.585753282232,K4HgP2,36.6952638051606,1081
959,289.585756061294,K4I2O,36.2110405395694,959
787,324.585753282232,K4ZnAs2,37.4653556776284,787
82,414.58574613607,K4ZnP2,34.9969179067266,82
434,247.58575939617,K5CuSb2,36.8302385675781,434
100,531.585736846061,KAg2PS4,23.5451402068014,100
509,542.585735972641,KAgO,23.2739719392673,509
195,150.585767098144,KAgSe,27.0302884236722,195
1248,622.585729620497,KAuO2,20.6063484668165,1248
877,335.585752408812,KAuS,29.7962728786116,877
1216,229.957086739953,KAuSe,32.511073978761,1216
466,222.585761381215,KAuSe2,29.3673753014486,466
513,550.585735337426,KBiO2,20.2720371930769,513
781,108.585770433019,KBr,33.05535835969,781
351,508.585738672302,KBrF4,18.6766777388555,351
962,193.585763683867,KCaBi,41.8334087086982,962
1258,212.585762175232,KCaBr3,33.7439525676937,1258
855,1524.58565800008,KCaCO3F,14.8715687562189,855
335,139.585767971563,KCl,28.2937754036844,335
985,635.585728588274,KCuO,20.2878880909335,985
586,672.585725650408,KCuO2,18.1274619760005,586
444,428.585745024445,KCuS,29.8955358952791,444
900,194.585763604465,KCuTe,29.3285977843307,900
1054,204.585762810447,KF,17.3063344171198,1054
210,272.585757411125,KGa3,25.2161278258048,210
1262,219.718383216585,KGeBr3,37.0387860977498,1262
367,753.585719218863,KH,23.1045851254147,367
373,3336.58551412403,KH2N,13.8277044484995,373
814,3261.58552007917,KHO,14.3454424104171,814
572,2551.58557645444,KHS,23.6846879435223,572
1213,334.585752488214,KHfCuS3,21.7121441048421,1213
285,93.5857716240459,KI,41.0538440821222,285
272,599.585731446739,KInP2S7,26.5131516883369,272
222,182.585764557286,KInTe2,35.9201199746071,222
996,449.585743357008,KLaO2,18.9916884489797,996
184,253.585758919759,KLaS2,29.4663678625497,184
83,144.585767574554,KLaTe2,39.7038643920505,83
462,450.585743277606,KLi2As,23.8705453526386,462
1052,399.585747327097,KLiS,22.0018363603734,1052
1082,366.585749947356,KLiSe,25.0143495092918,1082
611,325.58575320283,KLiTe,30.661133970432,611
693,631.585728905881,KLiZnO2,13.3941238065619,693
964,450.585743277606,KLiZnS2,21.1289035907789,964
354,1362.58567086317,KMgH3,13.0275727638713,354
878,260.585758363946,KMgSb,32.6947369153114,878
1031,2109.58561155003,KN3,17.6499928147348,1031
856,1373.58566998975,KNO3,16.338139170259,856
677,641.585728111863,KNa2CuO2,17.579453593284,677
896,856.608845977842,KNbO3,13.6836767971533,896
992,375.58574923274,KNbS2,20.5301471355292,992
994,259.585758443348,KNbSe2,23.4391485250963,994
822,2275.58559836933,KP(HO)2,15.1757492211488,822
107,478.585741054356,KS,31.5009689677687,107
835,1153.19058649616,KSO2F,18.5902632425628,835
715,1194.58568420267,KSb(PO4)2,14.6496976955145,715
464,152.58576693934,KSb2,36.9839055099186,464
39,609.585730652721,KSbO2,20.1025356290046,39
685,624.585729461694,KSbO3,16.1282300940506,685
77,330.585752805821,KSbS2,31.167027945394,77
1019,557.585734781614,KScO2,14.0719055131133,1019
1129,252.585758999161,KSe,35.9264177827618,1129
1121,869.764042435507,KSeO2F,19.8414780367058,1121
544,179.585764795492,KSnAs,32.6929751786844,544
545,150.585767098144,KSnSb,37.954173183832,545
555,876.585709452442,KTaO3,13.0983459882966,555
242,169.58576558951,KTe,43.1489398023906,242
412,270.585757569928,KTlCl4,33.1639976040337,412
425,339.585752091205,KTlO,24.7918787508287,425
1014,418.585745818463,KTlO2,16.4523851811992,1014
1048,496.585739625123,KYO2,16.5340813431417,1048
204,173.585765271902,KYTe2,36.2177524494381,204
898,244.585759634375,KZnAs,27.4213591278666,898
802,488.585740260338,KZnF3,14.1051707143418,802
901,353.58575097958,KZnP,25.048126617162,901
902,206.585762651643,KZnSb,32.4844834950252,902
1137,331.585752726419,KZrCuS3,22.0818487699379,1137
216,523.585737481275,La2O3,16.6033742002256,216
613,462.585742324784,La2SO2,19.9186982273723,613
889,445.585743674615,La2SeO2,20.9130652132807,889
616,474.585741371963,La2TeO2,22.5687531882854,616
916,536.737220056597,LaAgO2,19.8576107193852,916
471,726.585721362711,LaAlO3,11.1485240704427,471
333,160.585766304126,LaBr3,32.2624607282742,333
308,476.585741213159,LaBrO,22.0269336863189,308
742,2145.58560869157,LaCN2Cl,16.2580039768086,742
721,2063.58561520251,LaCN2F,13.4550870462395,721
282,241.58575987258,LaCl3,27.3794824066212,282
310,494.585739783927,LaClO,19.8184073268686,310
1238,1840.58563290911,LaCoN3,16.0619596976388,1238
226,640.585728191265,LaCuO2,18.2798674450935,226
808,503.585739069311,LaCuSO,16.9803055004369,808
702,470.58574168957,LaCuSeO,18.2678198398363,702
741,501.585739228114,LaN,22.0406381896449,741
658,793.394529551434,LaNbO4,14.5159255136275,658
879,526.58573724307,LaOF,16.344129236388,879
665,310.585754393857,LaSF,19.2234413186603,665
455,472.585741530766,LaSO,19.6393389696951,455
963,319.585753679241,LaSeF,21.4036086405751,963
689,460.585742483588,LaZnAsO,19.3624170677866,689
875,479.585740974954,LaZnPO,18.3284159264333,875
1159,2042.58561686995,Li2CN2,12.1037099497965,1159
507,1542.58565657085,Li2CO3,10.2415239335216,507
951,745.585719854077,Li2CaGeO4,11.3625233652383,951
201,566.585734066998,Li2CaHfF8,11.8473411411864,201
950,934.585704847138,Li2CaSiO4,10.6738214456482,950
192,396.585747565303,Li2CuSb,15.8800230203137,192
172,789.585716360398,Li2GeO3,11.0982225344352,172
215,660.585726603229,Li2O,8.42655612709635,215
1049,800.585715486978,Li2O2,8.43496084368437,1049
23,1100.58569166644,Li2PNO2,9.88376523953331,23
269,626.58572930289,Li2PbO3,11.1407565639042,269
949,611.585730493917,Li2PdO2,10.8188107769346,949
72,457.585742721793,Li2S,15.6069068920026,72
275,400.585747247695,Li2Se,18.1785214358693,275
635,1018.58569817739,Li2SiO3,10.21301385267,635
383,351.585751138383,Li2Te,23.0388271911432,383
587,572.585733590587,Li2ZrF6,11.6853181544909,587
526,662.585726444426,Li2ZrN2,10.3464086917703,526
595,747.670257877052,Li2ZrO3,10.5086889810953,595
942,464.585742165981,Li3As,16.1902937772942,942
193,399.585747327097,Li3AuS2,17.4352632618119,193
328,377.585749073937,Li3Bi,19.1100666910169,328
1047,456.585742801195,Li3LaP2,17.8213357217656,1047
1046,384.585748518124,Li3LaSb2,23.2288219282166,1046
936,477.585741133757,Li3NbS4,28.4436529606135,936
894,500.585739307516,Li3P,14.704850547164,894
244,403.58574700949,Li3Sb,17.6579286820627,244
947,520.58573771948,Li3VS4,26.4026535314857,947
467,641.585728111863,Li4NCl,12.8405875349532,467
463,669.585725888613,Li5Br2N,17.6540304185123,463
468,632.58572882648,Li5NCl2,13.9229297301687,468
646,798.585715645782,Li5ReO6,8.97901250455399,646
476,768.938863274887,Li5SbO5,10.1089461383603,476
934,861.585710643469,Li5TaO5,10.0751486310967,934
404,479.585740974954,LiAg3O2,14.7105799328839,404
961,603.585731129131,LiAgO,13.9999654856486,961
1245,595.585731764346,LiAgO2,12.0386986761451,1245
540,863.585710484666,LiAlO2,10.8164726662683,540
618,331.585752726419,LiAlTe2,30.7288764658364,618
1116,711.585722553738,LiAsF6,12.7206666777573,1116
1175,722.585721680318,LiAsO3,10.0288369342789,1175
720,385.585748438722,LiAsS2,20.1908848257098,720
1244,653.585727159042,LiAuO2,12.4218723326645,1244
1125,1204.58568340865,LiBC,7.65719719574819,1125
1148,497.585739545722,LiBeAs,14.5479754556104,1148
480,1070.58569404849,LiBeN,8.59872774835227,480
1240,555.585734940418,LiBeP,13.0216324536327,1240
1156,468.585741848374,LiBeSb,17.0387083739718,1156
414,564.585734225802,LiBiF6,14.276341598458,414
533,300.585755187875,LiBiS2,21.9343357358228,533
331,334.585752488214,LiBr,20.9495604307864,331
1164,305.585754790866,LiCaAs,24.8586273221364,1164
521,629.585729064685,LiCaN,14.4625879016796,521
196,364.58575010616,LiCaSb,24.8352137155169,196
287,393.585747803508,LiCl,17.1011983633492,287
921,365.585750026758,LiCoS2,14.3975138259571,921
915,674.585725491604,LiCuF2,11.087088384959,915
653,662.585726444426,LiCuO,11.8301997053692,653
1117,630.585728985283,LiCuO2,9.76835327584918,1117
69,593.585731923149,LiF,8.51107702436607,69
641,331.585752726419,LiGaTe2,30.8248634942827,641
24,856.585711040478,LiGe2N3,11.3962688459786,24
1091,1052.58569547773,LiGeBO4,10.3897145060028,1091
352,1045.58569603354,LiH,8.00104596558186,352
756,247.58575939617,LiI,27.2275500629083,756
688,610.585730573319,LiInO2,11.4001306684545,688
229,351.585751138383,LiInSe2,27.2367895788737,229
245,325.58575320283,LiInTe2,34.1176699872199,245
775,287.585756220098,LiMgBi,26.7781669091525,775
393,2131.58560980319,LiN3,11.3543297499931,393
1017,1445.58566427282,LiNO3,10.0989931894696,1017
582,564.585734225802,LiNbO2,9.90297257046722,582
566,850.585711516889,LiNbO3,11.1267063911155,566
991,357.585750661972,LiNbS2,16.0456447863267,991
1115,894.58570802321,LiPF6,11.6997632025457,1115
550,1111.58569079302,LiPN2,9.52151668926245,550
153,571.585733669989,LiRhO2,9.82797472113588,153
585,662.585726444426,LiSbF6,14.1319774481904,585
960,663.585726365024,LiSbO3,12.1561357083457,960
798,689.585724300577,LiScO2,10.4345865826093,798
799,1062.58569468371,LiSi2N3,9.920336792596,799
1092,1106.58569119003,LiSiBO4,9.77285867354076,1092
560,859.585710802273,LiTaO3,10.9133343735603,560
563,546.585735655034,LiYF4,12.4877798217735,563
185,262.585758205143,LiYS2,20.528397047277,185
186,226.585761063607,LiYSe2,23.3866784080701,186
1111,357.585750661972,LiZnAs,17.8069765931761,1111
943,596.585731684944,LiZnN,10.0198723990413,943
1168,364.58575010616,LiZnP,15.6916468360027,1168
66,571.585733669989,LiZnPS4,21.9985613700344,66
1243,262.585758205143,LiZnSb,20.8260565803311,1243
1068,493.585739863329,Mg(BeAs)2,16.1363732454374,1068
551,257.585758602152,Mg(InTe2)2,36.5168449934853,551
1023,734.585720727497,Mg(PtO2)3,11.6440619104162,1023
355,1943.58562473073,Mg2FeH6,7.34240522714475,355
824,2071.5856145673,Mg2H6Os,8.28105682379554,824
862,1976.58562211047,Mg2H6Ru,8.14033292270688,862
674,1178.46644551025,Mg2P2O7,11.0181997971082,674
391,254.585758840357,Mg3Sb2,26.694841793737,391
579,477.585741133757,MgP4,19.9576497493368,579
218,547.585735575632,MgPbF6,14.6159363463906,218
986,642.585728032462,MgPdF6,12.8918799804152,986
52,302.585755029071,MgSe,20.9211342641334,52
486,475.585741292561,MgSiP2,21.1772142804739,486
80,1341.58567253061,MgSn(BO3)2,9.95749930808289,80
8,276.585757093518,MgSnAs2,28.5946342773801,8
7,247.58575939617,MgTe,26.7192504905173,7
569,765.585718266041,MgTiO3,10.558039053568,569
632,539.585736210846,MnP4,14.6388794238581,632
198,296.585755505482,MoSe2,24.6854012743883,198
1263,1090.58569246046,N2,6.8822868697185,1263
1050,243.585759713777,Na2AgAs,23.553565754043,1050
897,207.585762572242,Na2AgSb,26.9665503514586,897
968,222.585761381215,Na2AsAu,23.2706818458385,968
633,614.585730255712,Na2HgO2,16.2655785500451,633
421,563.585734305203,Na2Pd3O4,12.796968128138,421
267,599.585731446739,Na2PtO2,14.1726993489367,267
28,355.585750820776,Na2PtS2,20.6869784901317,28
164,225.585761143009,Na2PtSe2,23.3902615954195,164
969,192.585763763268,Na2SbAu,26.4341603108916,969
1070,168.248150423106,Na2TlSb,27.6482213132507,1070
1029,310.585754393857,Na2ZnS2,21.6025140848139,1029
887,226.585761063607,Na2ZrSe3,24.6421886016985,887
652,399.585747327097,Na3AlP2,22.8705449895959,652
543,547.595908876989,Na3HfF7,14.1903076783175,543
1077,251.990237014457,Na3SbSe4,27.1011422027247,1077
843,271.585757490527,Na3YCl6,27.7849418091013,843
454,398.585747406499,Na4Br2O,22.4362094485434,454
1080,353.58575097958,Na4CdP2,26.9837645024827,1080
453,331.585752726419,Na4HgP2,26.8478228148928,453
298,354.585750900178,Na4I2O,25.5128697702139,298
410,496.585739625123,NaAg3O2,16.7392275434067,410
869,552.585735178623,NaAgO,18.0023225927294,869
925,572.585733590587,NaAgO2,13.8038549653129,925
19,338.585752170607,NaAlTe2,29.6751791364762,19
1252,603.585731129131,NaAuO2,14.2446586770143,1252
415,563.585734305203,NaBiF6,17.0943039118621,415
302,543.861203079371,NaBiO2,16.1046852538783,302
313,553.585735099221,NaBiO3,15.2063210518905,313
845,268.585757728732,NaBiS2,24.0536718049092,845
1165,223.585761301813,NaCaAs,28.1944692285809,1165
604,429.585744945044,NaCdF3,15.1196343756507,604
1250,675.585725412203,NaCuO2,13.7923143389258,1250
334,119.585769559599,NaI,34.8375480580895,334
655,486.585740419141,NaInO2,12.9510751104646,655
233,270.585757569928,NaInS2,21.5982904171638,233
270,168.585765668911,NaInSe2,24.9217718319418,270
271,185.585764319081,NaInTe2,32.275491171429,271
938,539.585736210846,NaLaO2,16.5755608828179,938
844,302.585755029071,NaLaS2,25.6519793104565,844
648,342.585751852999,NaLi2Sb,20.0688426792435,648
487,1331.58567332463,NaNO2,13.9719478024635,487
614,873.585709690648,NaNbO3,12.5756500709288,614
993,266.585757887536,NaNbSe2,20.8929631040688,993
1087,566.585734066998,NaRhO2,11.2730568359655,1087
928,619.585729858703,NaSbO2,16.0778090855792,928
610,644.585727873658,NaSbO3,13.600988397881,610
672,307.585754632062,NaSbS2,24.820265363981,672
1196,217.585761778224,NaSrAs,27.6624057586183,1196
1226,507.585738751704,NaTl2GaF6,15.7175761141778,1226
148,544.585735813837,NaTl2RhF6,16.3064785281569,148
508,428.585745024445,NaTlO2,14.0955441560035,508
27,279.585756855312,NaYS2,23.0202482535792,27
1110,313.352607426604,NaZrCuS3,19.8831081334957,1110
1059,1091.58569238106,NbBO4,9.23051247780382,1059
739,435.585744468633,NbCu3S4,21.1482809957887,739
590,316.585753917446,NbCu3Se4,23.2766705574191,590
1242,261.585758284545,NbCu3Te4,26.7654133323581,1242
1145,308.58575455266,NbFeSb,17.7223711999358,1145
1158,783.585716836809,NbInO4,12.629559429497,1158
945,781.585716995612,NbNO,11.1167765324035,945
643,249.585759237366,NbSbRu,19.881118298189,643
631,465.585742086579,NiP2,14.916122079137,631
17,483.585740657347,P2Ir,15.4989381253907,17
323,470.58574168957,P2Os,14.95320269107,323
443,457.585742721793,P2Pd,17.1589574827888,443
891,501.585739228114,P2Pt,15.8819830892019,891
190,466.585742007177,P2Rh,15.3649803160155,190
155,453.5857430394,P2Ru,14.7498040518031,155
549,3355.71470112078,PHN2,10.0202530136467,549
919,1342.58567245121,PNO,12.7780391322949,919
522,311.585754314455,PbF2,17.9753359299163,522
252,224.585761222411,PbS,27.0871229110355,252
261,138.585768050965,PbSe,30.1268671067778,261
133,652.585727238444,PdF4,13.5423774867017,133
1103,657.585726841435,PtF4,13.7236175304922,1103
106,703.585723188952,PtO2,11.1730194517691,106
458,445.585743674615,PtS,19.1174949329516,458
1224,1423.58566601966,Rb2AlTlH6,16.3873625389883,1224
124,276.585757093518,Rb2As2Pt,32.2013426104589,124
175,280.791301144135,Rb2As3,37.3595524572772,175
1085,603.585731129131,Rb2GeF6,18.4818916143334,1085
1202,308.752056036861,Rb2GeSe3,36.8513537212851,1202
825,2097.58561250285,Rb2H6Pt,17.6567759334567,825
365,3643.74343709997,Rb2HBrO,28.0492128618166,365
141,579.585733034774,Rb2HfF6,18.3575031162174,141
647,615.58573017631,Rb2HgO2,25.9216461238982,647
1090,450.585743277606,Rb2MgF4,17.075325453793,1090
1221,477.223657546782,Rb2NaAsF6,17.0515515807023,1221
1217,511.585738434097,Rb2NaGaF6,15.6242201040699,1217
149,558.585734702212,Rb2NaRhF6,16.221031013125,149
139,275.58575717292,Rb2O,27.1051517862029,139
977,832.585712946121,Rb2O2,23.2938125439472,977
246,506.585738831106,Rb2P3,33.1427675213407,246
76,348.585751376589,Rb2Pd3S4,26.1169760128411,76
437,252.585758999161,Rb2PdBr6,34.232876853716,437
55,1826.58563402074,Rb2PdC2,27.4492672006079,55
439,337.585752250008,Rb2PdCl6,29.3169546518062,439
150,614.585730255712,Rb2PdF6,18.8221128570645,150
56,1797.58563632339,Rb2PtC2,27.2150516484803,56
341,336.58575232941,Rb2PtCl6,29.418645825168,341
1020,588.585732320158,Rb2PtF6,17.6701217180922,1020
989,350.585751217785,Rb2PtS2,27.2941200759451,989
1063,207.585762572242,Rb2PtSe2,30.6086465968017,1063
1005,174.585765192501,Rb2S,40.13348234475,1005
904,452.585743118802,Rb2S3,32.1527914410499,904
68,99.5857711476351,Rb2Se,44.6521947181664,68
905,232.585760587197,Rb2Se3,35.8540849358551,905
428,315.585753996848,Rb2SeCl6,30.5947732426124,428
860,406.585746771285,Rb2SiAs2,33.6161620282478,860
42,762.585718504247,Rb2SiF6,17.7402369432535,42
89,579.585733034774,Rb2SiS3,31.311540573695,89
976,674.585725491604,Rb2Sn2O3,24.6636536652971,976
1100,217.585761778224,Rb2SnAs2,38.1595483230282,1100
315,319.585753679241,Rb2SnCl6,31.3765156084476,315
608,84.585772338662,Rb2Te,53.1670691377264,608
514,142.585767733358,Rb2Te5,41.029250635389,514
777,215.585761937027,Rb2TeBr6,38.2294501462963,777
426,376.585749153339,Rb2TiCl6,29.8925674138422,426
140,568.585733908194,Rb2ZrF6,18.6298589535286,140
606,266.836451502285,Rb3AuO,35.4538139599724,606
1183,975.585701591665,Rb3BAs2,35.996901931377,1183
1184,1114.58569055482,Rb3BP2,33.4237007530766,1184
1133,186.585764239679,Rb3Sb2Au3,35.2428494817336,1133
493,298.994915617669,Rb4Br2O,38.3844981964459,493
948,270.585757569928,Rb4I2O,42.4315739420364,948
687,658.201640188855,RbAlF4,14.7102755915912,687
500,83.5857724180638,RbAu,37.0977598949003,500
1143,242.585759793179,RbAu3Se2,32.152085532909,1143
409,238.585760110786,RbAuBr3,36.4913741830035,409
767,348.585751376589,RbAuCl4,32.9157319282192,767
539,584.585732637766,RbAuF4,20.5178783901146,539
764,192.585763763268,RbAuI3,43.757094226185,764
43,545.585735734436,RbAuO,25.5099427805914,43
910,620.585729779301,RbAuO2,23.1138780285404,910
1107,335.585752408812,RbAuS,32.5564487797268,1107
1186,231.038961115798,RbAuSe,35.6059371422629,1186
892,1394.58566832231,RbBe2BO3F2,13.1293015528285,892
416,552.585735178623,RbBiF6,18.9963889021448,416
483,551.585735258025,RbBiO2,22.7408508715987,483
494,236.585760269589,RbBiS2,29.4276729958307,494
339,85.5857722592602,RbBr,37.0921232514818,339
459,791.585716201595,RbBrO3,19.6460906612494,459
1210,224.585761222411,RbCaAs,35.7960251561281,1210
1254,225.525573716136,RbCaBr3,37.8670586468379,1254
559,471.09385029797,RbCaF3,18.4340088511055,559
363,1285.58567697711,RbCaH3,18.7691309508091,363
1211,201.585763048652,RbCaSb,41.8114963916283,1211
859,468.970084623747,RbCdF3,18.2605936079493,859
336,113.58577003601,RbCl,37.5739634397246,336
59,317.585753838044,RbCu3S2,18.9044992307511,59
909,628.585729144087,RbCuO,22.5872224895525,909
908,669.585725888613,RbCuO2,20.2624257001812,908
81,233.585760507795,RbF,23.6265694550495,81
690,694.585723903569,RbGeIO6,16.4241289779251,690
378,718.585721997925,RbH,27.5025866010868,378
866,3337.58551404463,RbH2N,16.4909619489786,866
442,3521.5854994347,RbH3O2,12.0900604233356,442
813,3289.58551785592,RbHO,17.1057337482395,813
861,2564.45830324459,RbHS,27.4607357632037,861
1198,154.585766780536,RbHfAgTe3,33.5339017987802,1198
338,69.5857735296889,RbI,45.1851300620274,338
402,749.58571953647,RbIO3,19.8143174020516,402
262,181.585764636688,RbInTe2,38.414848220798,262
997,443.585743833418,RbLaO2,20.165374308663,997
1139,250.585759157964,RbLaS2,31.1268868259081,1139
885,165.585765907117,RbLaSe2,34.754458014208,885
441,374.585749312142,RbLiCl2,27.9026213993317,441
1079,376.585749153339,RbLiS,24.1566307633537,1079
1126,346.585751535392,RbLiSe,27.2398930776676,1126
1045,459.58574256299,RbMgF3,14.0708802594697,1045
797,2092.58561289986,RbN3,20.6139509747382,797
912,1321.58567411864,RbNO2,18.4628537610187,912
723,652.585727238444,RbPS3,30.8224913973947,723
1260,142.585767733358,RbPbBr3,38.5931476264657,1260
1261,223.585761301813,RbPbCl3,33.6880837367641,1261
589,977.585701432861,RbReO4,20.299768943686,589
724,480.585740895552,RbS,38.4368432982894,724
818,1153.58568745815,RbSO2F,20.7588378188377,818
753,168.585765668911,RbSb2,42.4253583518259,753
1206,645.585727794256,RbSbF6,17.8782798807872,1206
40,607.585730811524,RbSbO2,22.504768607481,40
955,544.585735813837,RbScO2,15.0471997975344,955
1109,254.585758840357,RbSe,40.7783151441213,1109
1253,238.455945233247,RbSnCl3,35.1844878906041,1253
716,1208.11958141958,RbTa(PO4)2,16.5122225851135,716
1191,949.585703656112,RbTcO4,19.8696116887497,1191
1106,203.585762889849,RbTeAu,38.8822510666975,1106
1015,411.585746374276,RbTlO2,17.5973799819342,1015
163,489.585740180936,RbYO2,17.6159929659788,163
205,171.585765430706,RbYTe2,38.0438557409422,205
1192,311.585754314455,RbZn4P3,21.3019513064796,1192
1189,411.585746374276,Rh2S3,16.6859100230183,1189
241,554.585735019819,RhF3,12.5381641404222,241
234,439.585744151026,RuS2,15.0766920947519,234
213,260.585758363946,RuSe2,18.0765308970878,213
96,227.585760984206,Sb2Ir,22.8204827498381,96
399,210.585762334036,Sb2Os,22.0585515028814,399
1067,354.585750900178,SbIrS,18.9548047802681,1067
854,363.585750185562,Sc2S3,21.381175766135,854
853,296.585755505482,Sc2Se3,24.4725326081455,853
729,1145.58568809336,Sc2Si2O7,11.8254164781909,729
920,926.585705482352,Sc2Ti2O7,13.459919544017,920
918,749.58571953647,Sc2TiO5,12.8435043047689,918
1187,566.585734066998,ScAgO2,14.2305295345835,1187
111,247.58575939617,ScAgSe2,22.149888362276,111
1185,765.585718266041,ScAlCO,11.8127827634547,1185
681,925.585705561754,ScAsO4,12.0097672680068,681
1076,1315.58567459506,ScBO3,10.2964198164844,1076
1162,273.585757331723,ScCoTe,18.7187368170764,1162
622,656.585726920836,ScCuO2,13.0460799513721,622
868,361.585750344365,ScCuS2,18.3222828114955,868
48,637.585728429471,ScF3,16.8496969037686,48
714,802.585715328175,ScNbO4,12.071596578522,714
505,236.585760269589,ScNiBi,20.4026017294048,505
542,262.585758205143,ScNiSb,19.0152180783487,542
600,1154.58568737874,ScPO4,10.8008297201195,600
771,240.585759951982,ScSbPd,21.6062076070229,771
884,258.58575852275,ScSbPt,21.7707996841293,884
461,234.585760428393,ScSnAu,23.116429912467,461
726,811.585714613559,ScTaO4,11.9697403133417,726
166,480.585740895552,Si,20.4441459442474,166
612,1128.58568944319,Si2N2O,12.1688487359173,612
1040,494.585739783927,Si3NiP4,17.6492019835364,1040
167,502.585739148713,Si4P4Ru,17.01423885203,167
78,833.76774568019,SiC,10.496228122384,78
857,1177.5856855525,SiO2,13.3568659418668,857
379,504.585738989909,SiOs,13.7730920621554,379
212,471.585741610168,SiRu,13.3546641796891,212
14,344.585751694196,SiSn,27.9460894370566,14
57,230.585760746,Sn(HgSe2)2,30.192665442366,57
907,439.585744151026,SnF2,19.3573627753723,907
558,578.585733114176,SnHgF6,17.4737941178238,558
1057,717.585722077327,SnO2,12.6223264215157,1057
398,123.585769241992,SnSe,27.8922834717691,398
564,346.585751535392,Sr(AlTe2)2,34.2056293646988,564
923,734.585720727497,Sr(AsO3)2,13.0071550174917,923
88,1049.58569571593,Sr(BeN)2,12.0546684161333,88
1033,288.585756140696,Sr(CdP)2,24.4606021673834,1033
135,592.585732002551,Sr(CuO)2,15.0290625289766,135
774,473.585741451365,Sr(Li2P)2,17.9254570145304,774
1151,259.585758443348,Sr(MgSb)2,30.8817642139606,1151
1113,652.585727238444,Sr(SbO3)2,15.0672824933023,1113
967,190.585763922072,Sr(ZnAs)2,23.0703768979616,967
1032,314.58575407625,Sr(ZnP)2,20.9082193829418,1032
1074,121.585769400796,Sr2BiAu,32.2607331955548,1074
314,397.585747485901,Sr2BrN,25.105220760951,314
746,2084.58561353508,Sr2C(NCl)2,21.7250187808495,746
932,163.58576606592,Sr2CaI6,45.9680170464322,932
703,631.585728905881,Sr2CuBrO2,22.8889626400807,703
1075,618.585729938105,Sr2GaGeN,23.8679332040058,1075
388,144.585767574554,Sr2Ge,34.3210071837645,388
547,1786.58563719681,Sr2H5Rh,14.0451557926345,547
369,1774.58563814963,Sr2H6Ru,12.3469188480033,369
694,447.585743515811,Sr2I2O,32.9691906320308,694
770,375.58574923274,Sr2IN,27.5224075819362,770
126,1326.58567372164,Sr2Mg(BO3)2,11.7153886312959,126
311,408.585746612481,Sr2NCl,23.5796674487112,311
64,217.585761778224,Sr2Si,33.5603352276316,64
1073,122.585769321394,Sr2SnHg,33.2348793475521,1073
93,809.503367956457,Sr2TaGaO6,12.6671895160788,93
708,811.585714613559,Sr2TiO4,13.9756574639589,708
1135,666.585726126819,Sr2ZnN2,19.4501340185755,1135
773,365.585750026758,Sr3BiN,29.1255222871189,773
965,381.58574875633,Sr3SbN,28.3819588899768,965
532,803.585715248773,Sr3Ti2O7,13.2735435496312,532
1038,440.339528974153,Sr4As2O,28.0383018049421,1038
1037,462.699108638473,Sr4P2O,26.7971402651381,1037
1251,525.585737322471,SrAgO2,16.0457345865068,1251
1203,1230.58568134421,SrAlGeH,19.5700153350195,1203
778,1205.58568332925,SrAlSiH,19.2276673724431,778
701,512.585738354695,SrBiBrO2,22.1422963506482,701
684,550.585735337426,SrBiClO2,20.926031483811,684
704,509.5857385929,SrBiIO2,24.024074328636,704
749,133.585768447974,SrBr2,36.4635441353985,749
309,295.585755584884,SrBrF,22.6624131895089,309
90,2014.5856190932,SrCN2,17.5960036724792,90
929,199.585763207456,SrCa2I6,44.6991669393539,929
92,200.585763128054,SrCaGe,31.0972176862079,92
250,176.585765033697,SrCaPb,36.438358935553,250
326,201.585763048652,SrCl2,29.1657554987964,326
301,317.585753838044,SrClF,20.4533072974216,301
95,337.585752250008,SrCuSF,17.1338493176987,95
251,311.585754314455,SrCuSeF,18.6472493397469,251
1204,334.585752488214,SrF2,16.8198602758923,1204
1199,1159.58568698174,SrGaGeH,19.5474448790927,1199
1201,1124.5856897608,SrGaSiH,18.9152897189893,1201
1200,1208.58568309105,SrGaSnH,22.5220709259278,1200
35,694.585723903569,SrGeTeO6,14.0164775887812,35
371,897.585707785004,SrHBr,22.4223551950005,371
358,934.585704847138,SrHCl,19.9857133023016,358
366,3628.58549093871,SrHClO,19.0887041064087,366
1141,590.585732161355,SrHfN2,14.446845507398,1141
117,776.357766373582,SrHfO3,13.9213159395773,117
757,126.585769003787,SrI2,44.5418747568739,757
504,322.585753441035,SrLiBi,29.5107835697887,504
491,621.585729699899,SrLiN,18.3707758439386,491
119,410.585746453678,SrLiP,22.3746986435614,119
44,542.585735972641,SrMg2N2,14.7159221692153,44
377,420.58574565966,SrO,17.6384574035133,377
400,926.915135463965,SrO2,14.5147583927573,400
990,426.585745183249,SrP,28.6518853757011,990
102,526.58573724307,SrPdF4,15.8463692427239,102
54,219.58576161942,SrS,27.8657667710305,54
422,143.585767653956,SrSe,31.3132215358585,422
536,782.643617737651,SrSeO3,16.1028724478145,536
1000,1343.58567237181,SrSn(BO3)2,12.3428265001036,1000
214,121.585769400796,SrTe,38.0033590276651,214
1147,781.585716995612,SrTiN2,14.7677308883408,1147
1220,918.585706117567,SrWN3,15.6425348512697,1220
649,469.585741768972,SrZnF4,15.1546755734311,649
1140,580.256144779931,SrZrN2,14.8582916299001,1140
161,955.5857031797,TaAlO4,12.1007765292824,161
51,413.585746215472,TaCu3S4,21.5400834150737,51
593,278.585756934714,TaCu3Se4,23.2969681194699,593
1134,223.585761301813,TaCu3Te4,26.8335500455906,1134
1105,795.585715883987,TaInO4,12.5240779915548,1105
596,816.58571421655,TaNO,10.9096585977534,596
520,249.585759237366,TaSbRu,19.7985309294831,520
806,256.585758681554,Te2Mo,28.0529262369942,806
395,234.585760428393,Te2Ru,23.4618391696702,395
1043,731.585720965702,TeO2,16.7476903199143,1043
386,770.585717869032,TeO3,12.1580093530435,386
217,95.5857714652423,TePb,35.3791962864633,217
465,454.585742959999,Ti(CuS)4,17.4611040906837,465
914,834.585712787317,TiBi2O5,15.8871526991073,914
811,680.585725015193,TiCdF6,15.0294702754061,811
129,709.585722712542,TiCdO3,12.2780271774288,129
805,293.585755743687,TiCoSb,17.0589417931986,805
1071,412.585746294874,TiFe2Si,11.5263979333129,1071
1161,315.585753996848,TiFeTe,16.9709497444771,1161
6,297.58575542608,TiGePt,17.9165145443748,6
1124,272.585757411125,TiNiSn,17.2459764791834,1124
392,768.358349587968,TiO2,10.7153302138719,392
239,800.430767217488,TiPbO3,13.7969535393833,239
1169,368.585749788553,TiSiPt,17.1107508107401,1169
1163,248.585759316768,TiSnPd,20.0027768396221,1163
511,264.585758046339,TiSnPt,20.1680393451201,511
278,82.5857724974656,TlBr,33.3905461392087,278
769,149.585767177545,TlCl,34.8333052021292,769
258,222.919127195718,TlF,22.9240296520214,258
784,59.5857743237068,TlI,45.4630697201786,784
131,1077.58569349268,TlPO4,13.7558073723664,131
686,608.585730732122,TlPd3O4,14.5211281470355,686
568,454.585742959999,VCu3S4,19.8240518813144,568
260,349.585751297187,VCu3Se4,22.5517342607974,260
1241,289.585756061294,VCu3Te4,25.8865860089609,1241
744,329.585752885223,VFeSb,16.169204192974,744
1264,1038.58569658935,WN2,9.71832448274715,1264
683,2160.58560750054,Y2C(NO)2,14.274541770776,683
424,251.585759078563,Y2Cl3,27.4915425414213,424
109,524.585737401873,Y2SO2,16.7726719893037,109
913,509.5857385929,Y2SeO2,17.672559694965,913
740,1074.58569373089,Y2Si2O7,13.4243915746445,740
939,539.651141832417,Y2TeO2,19.5816698570331,939
384,1001.58569952722,Y2Ti2S2O5,15.1240070569044,384
497,555.585734940418,YAgO2,17.0661617923814,497
847,213.011512801288,YAgSe2,24.8140797892837,847
110,181.585764636688,YAgTe2,30.1295444371322,110
1007,903.585707308594,YAsO4,13.6498084990867,1007
498,594.402093879584,YAuO2,17.0570300559784,498
433,556.585734861016,YClO,17.3374048666007,433
238,935.585704767736,YCrB4,9.77678384762277,238
867,652.585727238444,YCuO2,15.7425740759516,867
846,221.585761460616,YCuSe2,23.7031215990925,846
922,2657.58556803785,YHO2,11.7835800791837,922
457,1160.58568690233,YHSe,16.8176003321124,457
506,182.585764557286,YNiBi,22.8593999656716,506
71,204.585762810447,YNiSb,21.4741548874128,71
556,560.585734543409,YOF,13.5653751509649,556
654,1132.58568912558,YPO4,12.333704469856,654
5,339.585752091205,YSF,16.5354112028147,5
662,801.585715407576,YTaO4,12.6745852636594,662
1219,955.5857031797,YWN3,13.2662878787564,1219
680,515.585738116489,YZnAsO,17.7002404767654,680
98,561.585734464007,YZnPO,16.8001665996792,98
661,358.585750582571,Zn(GaS2)2,21.6282226526394,661
182,260.585758363946,Zn(GaSe2)2,25.1299455128854,182
183,208.58576249284,Zn(GaTe2)2,31.6777596874651,183
273,208.58576249284,Zn(InSe2)2,28.3809447099228,273
249,160.585766304126,Zn(InTe2)2,35.1281192572004,249
1022,739.585720330488,Zn(PtO2)3,11.687226493352,1022
1205,1496.58566022333,ZnCO3,9.81393897943708,1205
289,310.585754393857,ZnCl2,27.3843181607274,289
820,375.58574923274,ZnCu2GeS4,19.0402489166985,820
211,469.585741768972,ZnF2,12.2434067636844,211
492,758.585718821854,ZnGeN2,11.7464977697142,492
615,381.58574875633,ZnGeP2,20.5312194701093,615
264,500.585739307516,ZnO,10.2104296580297,264
128,534.585736607855,ZnPbF6,15.0820679579906,128
144,623.585729541096,ZnPdF6,13.032075823215,144
1028,621.585729699899,ZnPtF6,13.2297608807427,1028
719,334.585752488214,ZnS,20.2451073352239,719
571,221.585761460616,ZnSe,23.7011073726214,571
553,401.585747168294,ZnSiAs2,22.2960191396894,553
627,477.585741133757,ZnSiP2,19.3597833013689,627
136,609.585730652721,ZnSnF6,14.4540763779261,136
597,345.585751614794,ZnSnP2,23.2799189310288,597
259,178.585764874893,ZnTe,29.5728077151228,259
73,679.585725094595,Zr2SN2,14.8840655857774,73
519,241.58575987258,ZrCoBi,20.2170822182534,519
1160,276.585757093518,ZrFeTe,19.1290669864162,1160
1006,799.58571556638,ZrGeO4,10.8520309249947,1006
1167,196.585763445661,ZrInAu,23.1536598350745,1167
1123,228.585760904804,ZrNiSn,19.5037916981825,1123
177,647.514259183629,ZrO2,11.3815435344746,177
548,598.585731526141,ZrSO,16.0306171153825,548
630,1065.5856944455,ZrSiO4,11.3252217839529,630
1170,320.585753599839,ZrSiPt,19.3121451716887,1170
1166,211.585762254634,ZrSnPd,21.9005321436349,1166
1171,211.585762254634,ZrSnPt,22.0751599042483,1171
16,650.585727397247,ZrZnN2,12.6693762383807,16
