material_id,composition,target
mb-phonons-0002,B1 As1,701.5857233477558
mb-phonons-0003,Ba1 Ga1 Si1 H1,1138.5856886491724
mb-phonons-0004,Al1 Ga1 N2,718.5857219979254
mb-phonons-0005,B2 P2,795.5857158839873
mb-phonons-0007,Ti1 Ge1 Pt1,297.5857554260802
mb-phonons-0008,Mg1 Te1,247.5857593961698
mb-phonons-0009,Mg2 Sn2 As4,276.58575709351777
mb-phonons-0010,Be2 Sn2 As4,523.5857374812748
mb-phonons-0011,Be2 Si2 P4,590.5857321613547
mb-phonons-0012,Be2 Si2 As4,528.5857370842659
mb-phonons-0013,Be2 Ge2 As4,540.5857361314445
mb-phonons-0014,Ca2 Si1,240.5857599519823
mb-phonons-0017,Zr1 Zn1 N2,650.5857273972472
mb-phonons-0018,P8 Ir4,483.58574065734666
mb-phonons-0019,K3 Sb1,135.9557896728841
mb-phonons-0020,Na2 Al2 Te4,338.5857521706066
mb-phonons-0021,Ba2 N1 F1,366.5857499473565
mb-phonons-0023,Li1 Zn1 P1,400.58574724769545
mb-phonons-0024,Li4 P2 N2 O4,1100.5856916664407
mb-phonons-0025,Li2 Ge4 N6,856.5857110404779
mb-phonons-0026,Y2 O2 F2,593.5857319231493
mb-phonons-0027,K2 S1,184.5857643984827
mb-phonons-0028,Na1 Y1 S2,279.5857568553124
mb-phonons-0030,Ba1 Li1 F3,481.5857408161503
mb-phonons-0031,Zn4 S4,335.58575240881197
mb-phonons-0032,Ca2 B4 C4,1292.5856764212965
mb-phonons-0033,Ba1 F2,301.58575510847294
mb-phonons-0036,Sr1 Ge1 Te1 O6,694.5857239035686
mb-phonons-0040,K2 Sb2 O4,609.5857306527207
mb-phonons-0041,Rb2 Sb2 O4,607.5857308115244
mb-phonons-0042,Ba2 Li2 Sb2,336.58575232941024
mb-phonons-0043,Rb2 Si1 F6,762.5857185042465
mb-phonons-0044,Rb4 Au4 O4,545.5857357344355
mb-phonons-0045,Sr1 Mg2 N2,542.5857359726408
mb-phonons-0047,Ba1 Li1 P1,376.58574915333855
mb-phonons-0048,Ba1 Li1 As1,359.5857505031691
mb-phonons-0049,Sc1 F3,637.5857284294706
mb-phonons-0050,Zn1 S1,335.58575240881197
mb-phonons-0052,Ta1 Cu3 S4,413.58574621547217
mb-phonons-0053,Mg1 Se1,302.5857550290712
mb-phonons-0054,K2 Sn1 As2 S6,369.5857497091512
mb-phonons-0057,Rb2 Pt1 C2,1797.5856363233909
mb-phonons-0058,Sn1 Hg2 Se4,230.58576074600026
mb-phonons-0059,Cd1 C1 N2,2151.5856082151568
mb-phonons-0061,Ga2 Cu2 O4,679.5857250945952
mb-phonons-0062,Ga2 Ag2 O4,614.5857302557117
mb-phonons-0063,Sc2 Ag2 O4,577.5857331935781
mb-phonons-0064,Ba1 O2,910.5857067527812
mb-phonons-0066,Cs2 Y2 Hg2 Se6,199.5857632074558
mb-phonons-0067,Li1 Zn1 P1 S4,571.5857336699888
mb-phonons-0068,Ba4 Ca4 Sn4,170.5857655101078
mb-phonons-0069,Rb2 Se1,99.58577114763511
mb-phonons-0070,Li1 F1,593.5857319231493
mb-phonons-0071,Al4 O6,792.5857161221927
mb-phonons-0072,Y1 Ni1 Sb1,204.58576281044685
mb-phonons-0073,Li2 S1,457.5857427217933
mb-phonons-0074,Zr4 S2 N4,679.5857250945952
mb-phonons-0075,Ba1 Ti1 B2 O6,1382.5856692751352
mb-phonons-0076,Al4 Se6,429.5857449450435
mb-phonons-0077,Rb2 Pd3 S4,348.5857513765887
mb-phonons-0081,Mg1 Sn1 B2 O6,1341.5856725306085
mb-phonons-0082,Rb1 F1,233.5857605077949
mb-phonons-0084,K1 La1 Te2,144.5857675745544
mb-phonons-0086,Hf1 Sn1 Pd1,197.58576336625939
mb-phonons-0089,Sr2 Be4 N4,1049.5856957159324
mb-phonons-0090,Rb4 Si2 S6,579.5857330347744
mb-phonons-0092,Ba2 Y1 Ta1 O6,781.5857169956122
mb-phonons-0093,Sr4 Ca4 Ge4,200.58576312805405
mb-phonons-0094,Sr2 Ta1 Ga1 O6,809.5033679564572
mb-phonons-0095,Ga4 O6,674.5857254916042
mb-phonons-0096,Sr2 Cu2 S2 F2,337.5857522500084
mb-phonons-0098,Cs2 La2 Cd2 Te6,159.58576638352753
mb-phonons-0099,Y2 Zn2 P2 O2,561.5857344640067
mb-phonons-0100,Ba1 Se1,109.58577035361715
mb-phonons-0102,K4 Zn2 Te4,187.58576416027734
mb-phonons-0103,Sr2 Pd2 F8,526.5857372430696
mb-phonons-0104,Ba2 Pd2 F8,520.5857377194803
mb-phonons-0105,Cd2 Te2,144.5857675745544
mb-phonons-0106,Ba6 Sb2 N2,435.58574446863264
mb-phonons-0107,Pt2 O4,703.5857231889522
mb-phonons-0108,K6 S6,478.5857410543556
mb-phonons-0109,Ba1 Al2 Sb2 O7,978.5857013534593
mb-phonons-0110,Y2 S1 O2,524.5857374018732
mb-phonons-0111,Y2 Ag2 Te4,181.58576463668808
mb-phonons-0112,Sc1 Ag1 Se2,247.5857593961698
mb-phonons-0113,Ba2 Be4 N4,1002.5856994478163
mb-phonons-0115,Mg1 Te1,261.5857582845447
mb-phonons-0117,Ba2 La1 Ta1 O6,754.4592429505203
mb-phonons-0120,Sr2 Li2 P2,410.5857464536776
mb-phonons-0122,Ba2 Sr1 Te1 O6,695.3071651297435
mb-phonons-0124,Ba4 O4,374.5857493121421
mb-phonons-0125,Rb4 As4 Pt2,276.58575709351777
mb-phonons-0126,Ca6 P6,432.585744706838
mb-phonons-0128,Cs4 Pt2,83.42622265888586
mb-phonons-0130,Ti2 Cd2 O6,709.5857227125415
mb-phonons-0131,Ca4 Sb2 O1,401.58574716829366
mb-phonons-0132,Tl2 P2 O8,1077.5856934926821
mb-phonons-0133,Cs2 Na1 Tl1 F6,443.58574383341835
mb-phonons-0134,Pd2 F8,652.5857272384436
mb-phonons-0136,Sr2 Cu4 O4,592.5857320025513
mb-phonons-0137,Zn1 Sn1 F6,609.5857306527207
mb-phonons-0138,Cd1 Sn1 F6,595.5857317643457
mb-phonons-0139,Cs2 Na1 Y1 F6,461.585742404186
mb-phonons-0141,Rb2 Zr1 F6,568.5857339081942
mb-phonons-0142,Rb2 Hf1 F6,579.5857330347744
mb-phonons-0143,Cs2 Hf1 F6,572.5857335905872
mb-phonons-0144,Cd1 Ga2 Te4,208.5857624928397
mb-phonons-0145,Zn1 Pd1 F6,623.5857295410957
mb-phonons-0146,Cd1 Pd1 F6,619.5857298587027
mb-phonons-0147,Cs2 Pt3 S4,375.58574923274034
mb-phonons-0148,K6 Sb2,136.26216674540237
mb-phonons-0149,Na1 Tl2 Rh1 F6,544.5857358138372
mb-phonons-0151,Rb2 Pd1 F6,614.5857302557117
mb-phonons-0152,Al2 Ag2 Se4,373.585749391544
mb-phonons-0155,Cu1 Rh1 O2,691.5857241417737
mb-phonons-0156,P4 Ru2,453.5857430394004
mb-phonons-0157,Ca1 Se1,184.5857643984827
mb-phonons-0158,K3 Nb1 O8,904.376237450921
mb-phonons-0159,K3 Cu3 As2,287.5857562200981
mb-phonons-0160,K3 Ag3 As2,236.5857602695895
mb-phonons-0161,Co4 P8,477.5857411337574
mb-phonons-0162,Ta2 Al2 O8,955.5857031797003
mb-phonons-0163,Ca1 Sn1 B2 O6,1340.5856726100105
mb-phonons-0164,Rb1 Y1 O2,489.5857401809359
mb-phonons-0165,Na4 Pt2 Se4,225.5857611430092
mb-phonons-0167,Si2,480.58574089555196
mb-phonons-0168,Si4 P4 Ru1,502.5857391487126
mb-phonons-0169,Ba1 S1,218.58576169882184
mb-phonons-0170,Cs2 Ca1 F4,435.58574446863264
mb-phonons-0171,Ca1 Te1,163.58576606592038
mb-phonons-0172,Fe2 S4,447.58574351581115
mb-phonons-0173,Li4 Ge2 O6,789.5857163603979
mb-phonons-0174,Be1 Se1,565.5857341463998
mb-phonons-0175,Al1 P1,430.5857448656418
mb-phonons-0176,Rb4 As6,280.7913011441348
mb-phonons-0177,As8 Ir4,295.5857555848837
mb-phonons-0179,K4 Cu2 As2,282.58575661710705
mb-phonons-0180,Be2 C1,939.5857044501292
mb-phonons-0181,Be2 C2 N4,1209.5856830116452
mb-phonons-0182,Be2 Si2 N4,982.585701035852
mb-phonons-0184,Zn1 Ga2 Te4,208.5857624928397
mb-phonons-0185,K1 La1 S2,253.58575891975903
mb-phonons-0186,Li1 Y1 S2,262.5857582051429
mb-phonons-0188,Si2 Cu4 Se6,420.58574565965966
mb-phonons-0189,Al4 C3,850.5857115168886
mb-phonons-0190,Be3 F6,932.5857050059418
mb-phonons-0191,P8 Rh4,466.5857420071772
mb-phonons-0192,As8 Rh4,295.5857555848837
mb-phonons-0193,Li2 Cu1 Sb1,396.58574756530265
mb-phonons-0194,Li6 Au2 S4,399.5857473270973
mb-phonons-0195,B12,1164.5856865847259
mb-phonons-0196,K2 Ag2 Se2,150.58576709814366
mb-phonons-0200,B1 N1,1223.58568190002
mb-phonons-0201,Si4,481.5857408161503
mb-phonons-0202,Li2 Ca1 Hf1 F8,566.5857340669977
mb-phonons-0204,Ba2 Ag2 Te2 F2,244.5857596343752
mb-phonons-0206,Rb2 Y2 Te4,171.58576543070603
mb-phonons-0207,Al1 N1,722.5857216803181
mb-phonons-0208,K2 Te1,129.58576876558132
mb-phonons-0209,Be1 O1,1011.5856987332004
mb-phonons-0210,Cs1 F1,215.5857619370272
mb-phonons-0212,Zn2 F4,469.58574176897173
mb-phonons-0213,Si4 Ru4,471.58574161016816
mb-phonons-0214,Ru4 Se8,260.58575836394647
mb-phonons-0215,Sr1 Te1,121.58576940079568
mb-phonons-0216,Li2 O1,660.5857266032292
mb-phonons-0217,La2 O3,523.5857374812748
mb-phonons-0218,Te1 Pb1,95.58577146524229
mb-phonons-0219,Mg1 Pb1 F6,547.5857355756318
mb-phonons-0220,In2 Hg1 Te4,166.585765827715
mb-phonons-0221,In4 S4,303.58575494966937
mb-phonons-0222,In2 Ag2 S4,317.58575383804435
mb-phonons-0223,K2 In2 Te4,182.58576455728627
mb-phonons-0224,Zn1 O1,538.5857362902481
mb-phonons-0225,As2 Pb1 O6,719.5857219185235
mb-phonons-0227,La1 Cu1 O2,640.5857281912653
mb-phonons-0228,Fe2 As4,330.5857528058209
mb-phonons-0229,Ba2 Pb1 O4,635.285556532021
mb-phonons-0230,Li2 In2 Se4,351.58575113838333
mb-phonons-0231,Ag4 Pb2 O4,496.5857396251232
mb-phonons-0232,K6 In2 P4,263.5857581257411
mb-phonons-0233,Cs2 Pb2 F6,366.5857499473565
mb-phonons-0234,Na1 In1 S2,270.5857575699285
mb-phonons-0235,Ru4 S8,439.5857441510256
mb-phonons-0236,In2 Ag2 O4,571.5857336699888
mb-phonons-0237,In1 P1,331.5857527264192
mb-phonons-0238,Ba3 In2 O6,620.585729779301
mb-phonons-0239,Y4 Cr4 B16,935.5857047677364
mb-phonons-0240,Ti1 Pb1 O3,800.4307672174878
mb-phonons-0241,Rb1 F1,238.58576011078603
mb-phonons-0242,Rh2 F6,554.5857350198194
mb-phonons-0243,K4 Te4,169.5857655895096
mb-phonons-0244,In2 Hg1 Se4,204.58576281044685
mb-phonons-0245,Li3 Sb1,403.5857470094902
mb-phonons-0246,Li2 In2 Te4,325.58575320282995
mb-phonons-0248,In1 P1 S4,565.5857341463998
mb-phonons-0249,Ge4 Pt4 Se4,256.58575868155367
mb-phonons-0250,Zn1 In2 Te4,160.58576630412574
mb-phonons-0251,Sr4 Ca4 Pb4,176.5857650336971
mb-phonons-0252,Sr2 Cu2 Se2 F2,311.585754314455
mb-phonons-0253,Pb1 S1,224.58576122241104
mb-phonons-0255,Cd1 In2 Te4,166.585765827715
mb-phonons-0256,K4 Na2 In2 As4,202.58576296925045
mb-phonons-0257,K4 Na2 In2 P4,261.5857582845447
mb-phonons-0259,Tl1 F1,222.91912719571775
mb-phonons-0260,Zn1 Te1,178.58576487489344
mb-phonons-0261,V1 Cu3 Se4,349.5857512971869
mb-phonons-0264,In2 Cu2 Te4,173.5857652719024
mb-phonons-0265,Zn1 O1,500.5857393075161
mb-phonons-0266,Ge3 O6,910.5857067527812
mb-phonons-0267,Cd1 In2 Se4,205.58576273104512
mb-phonons-0268,Na2 Pt1 O2,599.5857314467387
mb-phonons-0269,In4 O6,583.5857327171674
mb-phonons-0270,Li4 Pb2 O6,626.5857293028903
mb-phonons-0271,Na1 In1 Se2,168.5857656689114
mb-phonons-0272,Na2 In2 Te4,185.58576431908094
mb-phonons-0273,K1 In1 P2 S7,599.5857314467387
mb-phonons-0274,Zn1 In2 Se4,208.5857624928397
mb-phonons-0275,In1 Ag1 O2,571.5857336699888
mb-phonons-0276,Li2 Se1,400.58574724769545
mb-phonons-0277,Cs1 Cl1,115.58576987720642
mb-phonons-0278,Rb1 Br1,86.58577217985842
mb-phonons-0279,Tl1 Br1,82.58577249746558
mb-phonons-0280,Ca2 Br4,222.5857613812146
mb-phonons-0281,Ag2 I2,116.58576979780462
mb-phonons-0282,Cu1 I1,153.58576685993827
mb-phonons-0283,La2 Cl6,241.58575987258044
mb-phonons-0284,K1 I1,99.58577114763511
mb-phonons-0285,Li1 I1,285.58575637890164
mb-phonons-0286,K1 I1,93.58577162404586
mb-phonons-0287,Rb1 I1,74.58577313267992
mb-phonons-0288,Li1 Cl1,393.58574780350807
mb-phonons-0290,Zn2 Cl4,310.5857543938568
mb-phonons-0291,Cu1 Br1,177.58576495429523
mb-phonons-0292,Cu1 Cl1,253.58575891975903
mb-phonons-0293,Ag1 I1,103.34535948486929
mb-phonons-0294,Ag1 Cl1,183.58576447788448
mb-phonons-0295,Ag1 I1,121.58576940079568
mb-phonons-0296,K2 Pt1 Cl4,331.5857527264192
mb-phonons-0297,Cs2 Br2 F2,272.585757411125
mb-phonons-0298,Ca2 N1 Cl1,468.58574184837363
mb-phonons-0299,Na4 I2 O1,354.58575090017797
mb-phonons-0301,K2 Pd1 Cl4,331.5857527264192
mb-phonons-0302,Sr2 Cl2 F2,317.58575383804435
mb-phonons-0303,Na2 Bi2 O4,543.8612030793709
mb-phonons-0305,Cs1 I1 Cl2,263.5857581257411
mb-phonons-0306,Cs2 Mg2 Cl6,368.58574978855285
mb-phonons-0307,Ca2 Br1 N1,451.58574319820394
mb-phonons-0308,Bi2 Sb2 O8,727.5857212833093
mb-phonons-0309,La2 Br2 O2,476.58574121315917
mb-phonons-0310,Sr2 Br2 F2,295.5857555848837
mb-phonons-0311,La2 Cl2 O2,494.58573978392684
mb-phonons-0313,Ca2 P1 I1,289.5857560612945
mb-phonons-0314,Na2 Bi2 O6,553.5857350992212
mb-phonons-0316,Rb2 Sn1 Cl6,319.58575367924067
mb-phonons-0317,Cs2 Pt1 I6,177.58576495429523
mb-phonons-0318,Ba2 Br2 F2,265.58575796693754
mb-phonons-0319,Ba2 Bi1 Sb1 O6,653.9614869773397
mb-phonons-0320,Ba2 Ta1 Bi1 O6,745.5485956310678
mb-phonons-0321,Cu2 Bi2 Se2 O2,437.5857443098292
mb-phonons-0322,Ba2 Bi1 Sb1 O6,652.5857272384436
mb-phonons-0323,Tl1 Cl1,155.58576670113467
mb-phonons-0324,P4 Os2,470.5857416895698
mb-phonons-0325,K1 Cl1,141.58576781275983
mb-phonons-0326,Tl1 I1,66.58577376789428
mb-phonons-0328,Ca2 Cl4,257.5857586021519
mb-phonons-0330,Ag1 Br1,127.58576892438492
mb-phonons-0331,K1 Br1,112.58577011541179
mb-phonons-0332,Li1 Br1,334.58575248821387
mb-phonons-0333,Ba8 I16,106.58577059182257
mb-phonons-0334,La2 Br6,160.58576630412574
mb-phonons-0337,Rb1 Cl1,113.58577003600998
mb-phonons-0338,Rb1 Cl1,129.58576876558132
mb-phonons-0340,Rb1 Br1,85.58577225926021
mb-phonons-0341,Bi1 B3 O6,1476.8987630443203
mb-phonons-0343,Cu2 Hg1 I4,146.58576741575087
mb-phonons-0345,Cs2 Te1 Br6,213.58576209583072
mb-phonons-0346,Cs2 Pt1 Cl6,332.5857526470174
mb-phonons-0347,Cs2 Pb1 Cl6,269.5857576493304
mb-phonons-0349,Cs2 Te1 Cl6,275.58575717291956
mb-phonons-0350,Cs2 Au2 Cl6,335.58575240881197
mb-phonons-0352,K2 Br2 F8,508.5857386723019
mb-phonons-0353,Li1 H1,1045.5856960335393
mb-phonons-0354,Ga2 Te5,223.58576130181282
mb-phonons-0355,K1 Mg1 H3,1362.585670863171
mb-phonons-0356,Mg2 Fe1 H6,1943.585624730729
mb-phonons-0357,Ba1 Li1 H3,1013.5856985743968
mb-phonons-0360,Ba2 H2 Cl2,847.5857117550943
mb-phonons-0362,Ba2 S6,457.5857427217933
mb-phonons-0364,Rb1 Ca1 H3,1285.585676977109
mb-phonons-0365,K2 Mg1 H4,1333.5856731658228
mb-phonons-0366,Rb4 H2 Br2 O2,3643.743437099969
mb-phonons-0367,Sr2 H2 Cl2 O2,3628.585490938709
mb-phonons-0368,K1 H1,753.5857192188628
mb-phonons-0369,Cd1 F2,373.585749391544
mb-phonons-0370,Sr2 H6 Ru1,1774.585638149632
mb-phonons-0371,Cs2 Be2 H6,1784.5856373556146
mb-phonons-0372,Sr2 H2 Br2,897.5857077850044
mb-phonons-0373,Ba2 H2 Br2,820.5857138989426
mb-phonons-0374,K2 H4 N2,3336.5855141240318
mb-phonons-0376,K4 H2 Br2 O2,3637.5854902240917
mb-phonons-0377,Cd1 S1,291.58575590249086
mb-phonons-0378,Sr1 O1,420.58574565965966
mb-phonons-0379,Rb1 H1,718.5857219979254
mb-phonons-0380,Si4 Os4,504.5857389899089
mb-phonons-0382,Ca8 Si4,254.58575884035724
mb-phonons-0383,Be1 Te1,501.58573922811433
mb-phonons-0384,Li2 Te1,351.58575113838333
mb-phonons-0385,Y2 Ti2 S2 O5,1001.585699527218
mb-phonons-0386,Ga1 As1,259.58575844334825
mb-phonons-0387,Te2 O6,770.5857178690321
mb-phonons-0388,Zr2 O4,686.5857245387828
mb-phonons-0389,Sr8 Ge4,144.5857675745544
mb-phonons-0390,Ca1 O1,466.5857420071772
mb-phonons-0391,Al1 Sb1,291.58575590249086
mb-phonons-0392,Mg3 Sb2,254.58575884035724
mb-phonons-0393,Ti2 O4,768.3583495879683
mb-phonons-0395,Cs1 Au1,65.58577384729607
mb-phonons-0396,Te4 Ru2,234.5857604283931
mb-phonons-0398,Cd1 Se1,189.58576400147373
mb-phonons-0399,Sn1 Se1,123.58576924199207
mb-phonons-0401,Sr1 O2,926.9151354639647
mb-phonons-0402,K2 Pd1 Br4,254.58575884035724
mb-phonons-0403,Rb1 I1 O3,749.5857195364697
mb-phonons-0404,K2 Mg1 Cl4,331.59810336415944
mb-phonons-0406,K2 Pt1 Br4,232.5857605871967
mb-phonons-0407,Au4 O6,601.5857312879351
mb-phonons-0408,Ga4 Te2 S4,369.5857497091512
mb-phonons-0409,Ca3 As1 Br3,244.5857596343752
mb-phonons-0410,Rb2 Au2 Br6,238.58576011078603
mb-phonons-0411,Na2 Ag6 O4,496.5857396251232
mb-phonons-0413,K2 Tl2 Cl8,270.5857575699285
mb-phonons-0414,Ca1 F2,373.585749391544
mb-phonons-0417,Rb1 Bi1 F6,552.5857351786229
mb-phonons-0418,Cs1 Bi1 F6,549.5857354168284
mb-phonons-0419,Ba8 Br16,125.58576908318848
mb-phonons-0420,Ca2 Cl2 F2,360.58575042376714
mb-phonons-0421,K4 Ag2 Bi2,169.5857655895096
mb-phonons-0422,Na2 Pd3 O4,563.5857343052032
mb-phonons-0424,Be4 Te1 O7,989.5857004800397
mb-phonons-0425,Y4 Cl6,251.58575907856255
mb-phonons-0426,K2 Tl2 O2,339.58575209120477
mb-phonons-0427,Rb2 Ti1 Cl6,376.58574915333855
mb-phonons-0428,Cs2 Ti1 Cl6,366.5857499473565
mb-phonons-0429,Rb2 Se1 Cl6,315.58575399684787
mb-phonons-0430,Cs2 Se1 Cl6,304.58575487026764
mb-phonons-0431,Ba2 P1 Cl1,230.58576074600026
mb-phonons-0433,Fe4 Sb4 S4,427.5857451038471
mb-phonons-0434,Y2 Cl2 O2,556.5857348610158
mb-phonons-0435,K5 Cu1 Sb2,247.5857593961698
mb-phonons-0436,Al2 Cu2 Cl8,495.5857397045252
mb-phonons-0437,Ca3 As1 Cl3,287.5857562200981
mb-phonons-0438,Rb2 Pd1 Br6,252.58575899916082
mb-phonons-0439,K6 N2 O6,1212.5856827734399
mb-phonons-0440,Rb2 Pd1 Cl6,337.5857522500084
mb-phonons-0441,K3 I1 O1,275.58575717291956
mb-phonons-0443,Rb2 H6 O4,3521.5854994346996
mb-phonons-0444,P4 Pd2,457.5857427217933
mb-phonons-0445,K4 Cu4 S4,428.5857450244453
mb-phonons-0446,Cs2 I2 O6,754.5857191394607
mb-phonons-0447,K4 Cd1 P2,346.5857515353923
mb-phonons-0448,Cs1 Ge1 I3,160.620206064518
mb-phonons-0449,Ga4 Te2 Se4,273.5857573317232
mb-phonons-0450,Cs2 Au2 I6,191.58576384267016
mb-phonons-0451,Ca4 I2 N2,423.5857454214543
mb-phonons-0452,Ca2 As1 I1,222.5857613812146
mb-phonons-0453,Zr4 O8,737.5857204892912
mb-phonons-0454,Na4 Hg1 P2,331.5857527264192
mb-phonons-0455,Na4 Br2 O1,398.585747406499
mb-phonons-0456,La4 S4 O4,472.58574153076637
mb-phonons-0458,Y1 H1 Se1,1160.585686902333
mb-phonons-0459,Pt2 S2,445.5857436746148
mb-phonons-0461,Cs1 Br1 O3,790.5857162809963
mb-phonons-0462,Sc1 Sn1 Au1,234.5857604283931
mb-phonons-0463,K2 Li4 As2,450.5857432776057
mb-phonons-0464,Li5 Br2 N1,669.5857258886133
mb-phonons-0465,K2 Sb4,152.5857669393401
mb-phonons-0466,Ti1 Cu4 S4,454.58574295999847
mb-phonons-0468,Li4 N1 Cl1,641.5857281118634
mb-phonons-0469,Li5 N1 Cl2,632.5857288264797
mb-phonons-0470,Ag4 Te2 S6,334.58575248821387
mb-phonons-0471,Y2 Cu2 O4,653.5857271590419
mb-phonons-0472,La2 Al2 O6,726.5857213627112
mb-phonons-0473,Ca1 Mg2 Bi2,235.58576034899133
mb-phonons-0474,Ba1 Mg2 Bi2,233.5857605077949
mb-phonons-0476,Ca3 P1 Cl3,304.58575487026764
mb-phonons-0477,Li5 Sb1 O5,768.9388632748868
mb-phonons-0479,Cs2 Hf1 I6,165.58576590711678
mb-phonons-0480,Ga1 Cu1 I4,213.58576209583072
mb-phonons-0481,Li4 Be4 N4,1070.5856940484944
mb-phonons-0482,K4 Hg1 As2,230.58576074600026
mb-phonons-0483,Cs2 Bi2 O4,554.5857350198194
mb-phonons-0484,Rb2 Bi2 O4,551.5857352580248
mb-phonons-0486,K4 Cd1 As2,257.5857586021519
mb-phonons-0488,Na1 N1 O2,1331.5856733246264
mb-phonons-0489,Ag3 Bi3 S6,234.06886996956717
mb-phonons-0490,Cs2 Mg2 Br6,315.58575399684787
mb-phonons-0491,Cs2 Mg2 I6,257.3811557603249
mb-phonons-0492,Sr2 Li2 N2,621.5857296998992
mb-phonons-0493,Zn4 Ge4 N8,758.5857188218538
mb-phonons-0495,Rb1 Bi1 S2,236.5857602695895
mb-phonons-0496,Cs1 Ca1 Br3,221.85373991699416
mb-phonons-0497,Cs2 Pt1 Br6,228.58576090480392
mb-phonons-0498,Y2 Ag2 O4,555.5857349404176
mb-phonons-0499,Y2 Au2 O4,594.4020938795843
mb-phonons-0500,Ca3 B1 N3,1648.585648154258
mb-phonons-0501,Rb1 Au1,83.58577241806378
mb-phonons-0502,Al2 Hg1 Se4,383.585748597526
mb-phonons-0503,Ca8 Ge4,223.58576130181282
mb-phonons-0504,K2 Si1 F6,779.5857171544162
mb-phonons-0505,Sr4 Li4 Bi4,322.5857534410353
mb-phonons-0506,Sc1 Ni1 Bi1,236.5857602695895
mb-phonons-0507,Y1 Ni1 Bi1,182.58576455728627
mb-phonons-0508,Li4 C2 O6,1542.5856565708484
mb-phonons-0509,Na1 Tl1 O2,428.5857450244453
mb-phonons-0510,K4 Ag4 O4,542.5857359726408
mb-phonons-0511,Cd2 Si2 As4,392.5857478829098
mb-phonons-0512,Ti1 Sn1 Pt1,264.5857580463393
mb-phonons-0513,Al2 Cu2 O4,836.5857126285138
mb-phonons-0514,K2 Bi2 O4,550.5857353374264
mb-phonons-0515,Rb2 Te5,142.58576773335804
mb-phonons-0516,Ba2 Zr2 N4,714.5857223155325
mb-phonons-0517,K2 Mg1 F4,502.5857391487126
mb-phonons-0518,Ba3 Na3 Bi3,166.585765827715
mb-phonons-0519,K3 Zn2 F7,504.5857389899089
mb-phonons-0520,Zr1 Co1 Bi1,241.58575987258044
mb-phonons-0521,Ta1 Sb1 Ru1,249.58575923736615
mb-phonons-0522,Li4 Ca4 N4,629.5857290646849
mb-phonons-0524,Al2 Cd1 Se4,386.5857483593206
mb-phonons-0527,Li2 Zr1 N2,662.5857264444257
mb-phonons-0528,Cs4 Ti2 S6,441.5857439922218
mb-phonons-0529,Ga4 S6,391.5857479623117
mb-phonons-0530,B1 As1 O4,1070.5856940484944
mb-phonons-0531,Cs3 N3 O6,1315.585674595055
mb-phonons-0532,Cu1 Br1,177.58576495429523
mb-phonons-0535,Ca4 N2 F2,507.58573875170373
mb-phonons-0536,Ba2 Sn1 O4,693.5857239829703
mb-phonons-0538,Cu4 Sn1 P10,491.5857400221323
mb-phonons-0539,Zn1 In2 Se4,208.5857624928397
mb-phonons-0540,Rb2 Au2 F8,584.5857326377655
mb-phonons-0541,Li4 Al4 O8,863.5857104846657
mb-phonons-0542,Cs2 Ta2 N4,1054.168039020076
mb-phonons-0543,Sc1 Ni1 Sb1,262.5857582051429
mb-phonons-0544,Na3 Hf1 F7,547.5959088769893
mb-phonons-0545,K2 Sn2 As2,179.58576479549168
mb-phonons-0546,K2 Sn2 Sb2,150.58576709814366
mb-phonons-0547,Ca1 H1 N1,3285.230902043269
mb-phonons-0549,Zr4 S4 O4,598.5857315261405
mb-phonons-0550,P2 H2 N4,3355.714701120785
mb-phonons-0551,Li2 P2 N4,1111.5856907930208
mb-phonons-0552,Mg1 In2 Te4,257.5857586021519
mb-phonons-0553,B1 P1 O4,1221.5856820588235
mb-phonons-0555,P2 N2 O2,1369.9735422635215
mb-phonons-0556,K1 Ta1 O3,876.5857094524423
mb-phonons-0557,Y2 O2 F2,560.5857345434086
mb-phonons-0558,Sc2 Cu2 O4,657.5857268414347
mb-phonons-0560,Rb1 Ca1 F3,471.0938502979696
mb-phonons-0563,Cd2 S2,251.01789069958312
mb-phonons-0564,Li2 Y2 F8,546.5857356550338
mb-phonons-0568,Al1 Cu1 O2,857.5857109610762
mb-phonons-0569,V1 Cu3 S4,454.58574295999847
mb-phonons-0571,Cd1 Ga2 Se4,250.5857591579644
mb-phonons-0572,Zn2 Se2,221.58576146061642
mb-phonons-0574,Hg1 As2 O6,726.5857213627112
mb-phonons-0575,Ba1 Ga2 Te4,226.58576106360744
mb-phonons-0576,Ba2 Zr1 S4,456.97355178318014
mb-phonons-0578,Ba1 Zr1 O3,763.4585635073801
mb-phonons-0579,Ga2 Cu2 Te4,204.58576281044685
mb-phonons-0580,Mg2 P8,477.5857411337574
mb-phonons-0581,Ga4 Te6,229.585760825402
mb-phonons-0582,Ba1 Hg1 O2,618.5857299381046
mb-phonons-0583,Li2 Nb2 O4,564.5857342258015
mb-phonons-0584,Ca2 C2 O6,1500.5856599057233
mb-phonons-0585,K2 Ti1 F6,641.5857281118634
mb-phonons-0586,Li1 Sb1 F6,662.5857264444257
mb-phonons-0588,Li2 Zr1 F6,572.5857335905872
mb-phonons-0589,Ba2 Pd2 S4,328.5857529646245
mb-phonons-0590,Rb2 Re2 O8,977.585701432861
mb-phonons-0591,Nb1 Cu3 Se4,316.58575391744614
mb-phonons-0592,Cs2 Si1 F6,735.5857206480949
mb-phonons-0593,Cd1 Te1,144.5857675745544
mb-phonons-0594,Ta1 Cu3 Se4,278.5857569347142
mb-phonons-0595,Ca1 C1 N2,2148.5856084533616
mb-phonons-0596,Li4 Zr2 O6,747.6702578770523
mb-phonons-0597,Ta4 N4 O4,816.5857142165497
mb-phonons-0598,Zn2 Sn2 P4,345.58575161479416
mb-phonons-0599,Ge4 N4 O2,904.585707229192
mb-phonons-0601,Sc2 P2 O8,1154.5856873787438
mb-phonons-0602,Be1 S1,599.5857314467387
mb-phonons-0603,Ba3 Zn3 O6,619.5857298587027
mb-phonons-0605,Na2 Cd2 F6,429.5857449450435
mb-phonons-0606,Cd2 C2 O6,1470.585662287777
mb-phonons-0607,Rb3 Au1 O1,266.8364515022847
mb-phonons-0610,Cd1 Ga2 S4,352.5857510589816
mb-phonons-0612,K2 Li2 Te2,325.58575320282995
mb-phonons-0613,Si4 N4 O2,1128.5856894431904
mb-phonons-0616,Zn2 Ge2 P4,381.5857487563297
mb-phonons-0617,La2 Te1 O2,474.58574137196274
mb-phonons-0618,Ca1 As2 O6,739.5857203304878
mb-phonons-0619,Li2 Al2 Te4,331.5857527264192
mb-phonons-0620,Hf2 Si2 O8,1077.5856934926821
mb-phonons-0621,Co4 As4 S4,400.58574724769545
mb-phonons-0622,K1 F1,249.58575923736615
mb-phonons-0623,Sc1 Cu1 O2,656.5857269208365
mb-phonons-0624,Cd2 Si2 P4,476.58574121315917
mb-phonons-0626,K3 Ta1 O8,895.0107895499382
mb-phonons-0628,Zn2 Si2 P4,477.5857411337574
mb-phonons-0630,Ga2 Hg1 S4,350.5857512177851
mb-phonons-0632,Ni2 P4,465.5857420865789
mb-phonons-0633,Mn2 P8,539.5857362108462
mb-phonons-0634,Na2 Hg1 O2,614.5857302557117
mb-phonons-0636,Li4 Si2 O6,1018.5856981773877
mb-phonons-0638,Cs2 Ga2 S4,381.5857487563297
mb-phonons-0639,In2 H2 O4,2264.5855992427537
mb-phonons-0640,Be1 S1 O4,1234.5856810266002
mb-phonons-0642,Li2 Ga2 Te4,331.5857527264192
mb-phonons-0643,Cs2 P2 S6,653.5857271590419
mb-phonons-0644,Nb1 Sb1 Ru1,249.58575923736615
mb-phonons-0645,Cs4 Te6,145.58576749515262
mb-phonons-0647,Li5 Re1 O6,798.5857156457819
mb-phonons-0649,Na1 Li2 Sb1,342.5857518529994
mb-phonons-0650,Sr2 Zn2 F8,469.58574176897173
mb-phonons-0651,Cs2 Pd3 S4,347.58575145599053
mb-phonons-0653,Na6 Al2 P4,399.5857473270973
mb-phonons-0654,Li4 Cu4 O4,662.5857264444257
mb-phonons-0655,Y2 P2 O8,1132.5856891255833
mb-phonons-0656,Na1 In1 O2,486.5857404191413
mb-phonons-0657,Cd2 Sn2 P4,334.58575248821387
mb-phonons-0658,Ga2 Cu2 S4,358.5857505825708
mb-phonons-0660,Cs2 Na2 Te2,173.5857652719024
mb-phonons-0661,Ga2 Ag2 S4,347.58575145599053
mb-phonons-0662,Zn1 Ga2 S4,358.5857505825708
mb-phonons-0663,Y2 Ta2 O8,801.5857154075765
mb-phonons-0664,Ca4 P2 O1,506.5857388311055
mb-phonons-0665,Ga4 S6,395.5857476447045
mb-phonons-0667,K2 Pd1 O2,549.5857354168284
mb-phonons-0668,Cs8 S4,184.5857643984827
mb-phonons-0670,Cs2 Cu2 O2,625.5857293822921
mb-phonons-0673,Na2 Sb2 S4,307.5857546320623
mb-phonons-0674,Cs2 Cd2 Br6,165.17565028761243
mb-phonons-0675,Mg2 P2 O7,1178.4664455102513
mb-phonons-0676,Cs2 Pd1 I2 Br4,257.5857586021519
mb-phonons-0677,Ba2 Te2 O6,708.8707572993352
mb-phonons-0678,K1 Na2 Cu1 O2,641.5857281118634
mb-phonons-0680,Ba2 Ta1 Bi1 O6,744.6165269361184
mb-phonons-0682,Sc2 As2 O8,925.5857055617543
mb-phonons-0685,Sr2 Bi2 Cl2 O4,550.5857353374264
mb-phonons-0686,K2 Sb2 O6,624.5857294616939
mb-phonons-0687,Tl2 Pd6 O8,608.5857307321222
mb-phonons-0688,Rb1 Al1 F4,658.2016401888546
mb-phonons-0689,Li2 In2 O4,610.585730573319
mb-phonons-0691,Rb1 Ge1 I1 O6,694.5857239035686
mb-phonons-0692,Ba2 Ca1 B2 O6,1283.5856771359124
mb-phonons-0693,Ba1 Be1 Si1 O4,1033.8940424655252
mb-phonons-0694,K2 Li2 Zn2 O4,631.5857289058813
mb-phonons-0698,Ba2 Cu1 Cl1 O2,628.5857291440867
mb-phonons-0702,Sr2 Bi2 Br2 O4,512.5857383546946
mb-phonons-0703,La2 Cu2 Se2 O2,470.5857416895698
mb-phonons-0706,Ba2 Bi2 Cl2 O4,542.5857359726408
mb-phonons-0707,Ba2 Cu1 Br1 O2,628.5857291440867
mb-phonons-0709,Sr2 Ti1 O4,811.5857146135588
mb-phonons-0710,Ba2 La1 Nb1 O6,735.6805937023079
mb-phonons-0711,Cs1 Cu3 O2,605.585730970328
mb-phonons-0712,Cs2 Cu2 O4,663.5857263650239
mb-phonons-0713,Cs1 Be2 B1 O3 F2,1384.5856691163315
mb-phonons-0715,Sc2 Nb2 O8,802.5857153281747
mb-phonons-0717,Rb1 Ta1 P2 O8,1208.1195814195778
mb-phonons-0718,Ba1 Ag2 Sn1 S4,339.58575209120477
mb-phonons-0719,Cs1 Nb1 P2 O8,1194.9022217453005
mb-phonons-0721,Li2 As2 S4,385.58574843872236
mb-phonons-0722,La2 C2 N4 F2,2063.585615202514
mb-phonons-0724,Rb2 P2 S6,652.5857272384436
mb-phonons-0726,Ba1 B2 F8,1151.5856876169494
mb-phonons-0728,Ba1 Si1 F6,785.5857166780053
mb-phonons-0729,Sc1 F3,637.5857284294706
mb-phonons-0730,Sc2 Si2 O7,1145.58568809336
mb-phonons-0732,Zn2 S2,334.58575248821387
mb-phonons-0733,Cs2 Na1 Bi1 F6,442.5857439128201
mb-phonons-0734,Cs2 Na2 Ti2 O6,793.585716042791
mb-phonons-0735,Cs2 K1 Rh1 F6,543.5857358932392
mb-phonons-0736,Cs1 La1 S2,247.5857593961698
mb-phonons-0737,Cs2 Sn2 S6,459.58574256298965
mb-phonons-0738,Cs2 Ag6 S4,268.5857577287321
mb-phonons-0739,Cs1 Hg1 F3,422.0160755603324
mb-phonons-0740,Nb1 Cu3 S4,435.58574446863264
mb-phonons-0741,Y2 Si2 O7,1074.5856937308872
mb-phonons-0742,La2 N2,501.58573922811433
mb-phonons-0743,La2 C2 N4 Cl2,2145.585608691567
mb-phonons-0744,Cs2 Ag2 Cl4,223.58576130181282
mb-phonons-0745,V1 Fe1 Sb1,329.58575288522275
mb-phonons-0746,Cs2 Li1 Y1 Cl6,294.5857556642855
mb-phonons-0747,Sr2 C1 N2 Cl2,2084.5856135350764
mb-phonons-0748,Ba6 Bi2 N2,430.5857448656418
mb-phonons-0749,Ba3 Cl6,225.5857611430092
mb-phonons-0750,Sr4 Br8,133.58576844797415
mb-phonons-0753,Cs2 Au2 Se6,234.5857604283931
mb-phonons-0754,Rb2 Sb4,168.5857656689114
mb-phonons-0756,K4 Ga6,259.58575844334825
mb-phonons-0757,Li2 I2,247.5857593961698
mb-phonons-0759,Ba3 I6,120.58576948019743
mb-phonons-0760,Cs1 Cd1 Cl3,271.5857574905268
mb-phonons-0761,Tl1 Br1,87.5857721004566
mb-phonons-0763,Cd1 In2 Se4,207.58576257224152
mb-phonons-0764,Ba1 Cl2,184.5857643984827
mb-phonons-0765,Rb2 Au2 I6,192.58576376326835
mb-phonons-0768,Rb2 Au2 Cl8,348.5857513765887
mb-phonons-0769,Cs2 Au2 Br6,236.5857602695895
mb-phonons-0770,Tl1 Cl1,149.58576717754542
mb-phonons-0771,Sr2 I1 N1,375.58574923274034
mb-phonons-0772,Sc1 Sb1 Pd1,240.5857599519823
mb-phonons-0773,Ba2 N6 Cl2,2181.5856058331024
mb-phonons-0774,Sr3 Bi1 N1,365.5857500267583
mb-phonons-0775,Sr1 Li4 P2,473.5857414513646
mb-phonons-0777,Ag2 Hg1 I4,123.58576924199207
mb-phonons-0778,Rb2 Te1 Br6,215.5857619370272
mb-phonons-0779,Sr1 Al1 Si1 H1,1205.5856833292526
mb-phonons-0780,Cs2 As2 F8,620.585729779301
mb-phonons-0781,Ga12 Os4,313.58575415565144
mb-phonons-0782,K1 Br1,108.58577043301895
mb-phonons-0783,Li2 I2,321.5857535204372
mb-phonons-0784,Ba1 Al1 Si1 H1,1241.5856804707878
mb-phonons-0785,Tl1 I1,59.585774323706815
mb-phonons-0786,Cs1 Br1,72.58577329148352
mb-phonons-0787,Ca4 Zn4 Cu2 P6,344.5857516941958
mb-phonons-0788,K4 Zn1 As2,324.58575328223185
mb-phonons-0789,Cs6 B2 As4,980.5857011946556
mb-phonons-0790,Cs1 Cl1,122.58576932139387
mb-phonons-0792,Cs2 Te2 Au2,201.58576304865227
mb-phonons-0793,Cs8 Te4,85.58577225926021
mb-phonons-0794,Cs2 Au2 Se2,231.60760465794567
mb-phonons-0795,Al2 Ag2 S4,436.58574438923085
mb-phonons-0796,Ca1 Mg2 N2,542.5857359726408
mb-phonons-0797,Cs1 K2 Sb1,114.5857699566082
mb-phonons-0798,Rb1 N3,2092.585612899862
mb-phonons-0799,Li2 Sc2 O4,689.5857243005772
mb-phonons-0800,Li2 Si4 N6,1062.5856946837089
mb-phonons-0801,Cd1 Pt1 F6,592.5857320025513
mb-phonons-0802,K2 Hg1 O2,617.5857300175064
mb-phonons-0803,K1 Zn1 F3,488.5857402603377
mb-phonons-0805,Al2 Cd1 S4,457.5857427217933
mb-phonons-0806,Ti1 Co1 Sb1,293.58575574368734
mb-phonons-0807,Te4 Mo2,256.58575868155367
mb-phonons-0811,Cs2 Na1 Sc1 F6,500.5857393075161
mb-phonons-0813,Cs2 H2 O2,3305.585516585488
mb-phonons-0814,Rb2 H2 O2,3289.585517855917
mb-phonons-0815,K2 H2 O2,3261.585520079166
mb-phonons-0818,K2 H2 S2,2552.585576375037
mb-phonons-0819,Rb2 S2 O4 F2,1153.5856874581455
mb-phonons-0821,Zn1 Cu2 Ge1 S4,375.58574923274034
mb-phonons-0822,Cs2 Sn1 Br6,218.58576169882184
mb-phonons-0823,K2 P2 H4 O4,2275.5855983693336
mb-phonons-0824,Ca2 H2 Cl2 O2,3592.585493797173
mb-phonons-0825,Mg2 H6 Os1,2071.5856145673
mb-phonons-0826,Rb2 H6 Pt1,2097.585612502853
mb-phonons-0828,K2 H4 Pd1,1872.5856303682565
mb-phonons-0829,Ba1 Mg2 Fe1 H8,1867.5856307652653
mb-phonons-0830,K2 H6 Pt1,2100.5856122646474
mb-phonons-0831,Ba2 Mg1 H6,1191.5856844408775
mb-phonons-0833,K4 Li2 Al2 P4,402.585747088892
mb-phonons-0834,Ca1 Mg1 C2 O6,1519.5856583970894
mb-phonons-0835,K2 Ca1 C2 O6,1520.5856583176874
mb-phonons-0836,K2 S2 O4 F2,1153.1905864961611
mb-phonons-0839,Al2 N2,719.5857219185235
mb-phonons-0840,Cs2 Li1 Ga1 F6,547.5857355756318
mb-phonons-0842,Cd2 S2,289.5857560612945
mb-phonons-0843,Cs1 P1 F6,852.4579164643103
mb-phonons-0844,Na3 Y1 Cl6,271.5857574905268
mb-phonons-0846,Na2 Bi2 S4,268.5857577287321
mb-phonons-0848,Y2 Ag2 Se4,213.01151280128758
mb-phonons-0849,Cd3 As1 I3,240.5857599519823
mb-phonons-0851,Ga1 P1 O4,1147.5856879345565
mb-phonons-0852,Ba2 S4,458.5857426423914
mb-phonons-0853,Ag1 I1,121.58576940079568
mb-phonons-0854,Sc4 Se6,296.585755505482
mb-phonons-0855,Sc4 S6,363.5857501855618
mb-phonons-0856,K1 Ca1 C1 O3 F1,1524.5856580000805
mb-phonons-0857,K1 N1 O3,1373.585669989751
mb-phonons-0858,Si3 O6,1177.5856855525024
mb-phonons-0860,Rb1 Cd1 F3,468.9700846237468
mb-phonons-0861,Rb4 Si2 As4,406.58574677128473
mb-phonons-0862,Rb2 H2 S2,2564.458303244592
mb-phonons-0864,Ba2 H6 Ru1,1733.5856414051057
mb-phonons-0865,Ba2 H6 Os1,1853.58563187689
mb-phonons-0866,Cs2 Ca1 H4,1188.5856846790828
mb-phonons-0867,Rb2 H4 N2,3337.58551404463
mb-phonons-0868,Y1 Cu1 O2,652.5857272384436
mb-phonons-0869,Sc1 Cu1 S2,361.5857503443654
mb-phonons-0870,Na4 Ag4 O4,552.5857351786229
mb-phonons-0871,K4 Si2 As4,412.58574629487396
mb-phonons-0873,Si3 O6,1177.5856855525024
mb-phonons-0874,In2 B2 O6,1309.585675071466
mb-phonons-0875,Ca1 Hg1 O2,640.5857281912653
mb-phonons-0876,La2 Zn2 P2 O2,479.58574097495386
mb-phonons-0877,Ca1 Cd2 As2,185.58576431908094
mb-phonons-0878,K2 Au2 S2,335.58575240881197
mb-phonons-0879,K2 Mg2 Sb2,260.58575836394647
mb-phonons-0880,La2 O2 F2,526.5857372430696
mb-phonons-0882,Cd1 As2 O6,742.5857200922823
mb-phonons-0883,Si2 C2,845.5857119138975
mb-phonons-0884,K2 Sr1 Ta2 O7,887.811580454068
mb-phonons-0885,Sc1 Sb1 Pt1,258.58575852275004
mb-phonons-0886,Rb1 La1 Se2,165.58576590711678
mb-phonons-0887,Al2 Os1,442.5857439128201
mb-phonons-0888,Na4 Zr2 Se6,226.58576106360744
mb-phonons-0889,Cs2 Hg1 O2,605.585730970328
mb-phonons-0890,La2 Se1 O2,445.5857436746148
mb-phonons-0891,Cs2 Sn1 F6,533.585736687257
mb-phonons-0892,P8 Pt4,501.58573922811433
mb-phonons-0893,Rb1 Be2 B1 O3 F2,1394.5856683223135
mb-phonons-0894,Ge3 O6,910.5857067527812
mb-phonons-0896,Ba2 Cu4 O4,614.5857302557117
mb-phonons-0897,K1 Nb1 O3,856.608845977842
mb-phonons-0899,K2 Zn2 As2,244.5857596343752
mb-phonons-0900,Rb2 N6,2096.5856125822547
mb-phonons-0901,K2 Cu2 Te2,194.5857636044648
mb-phonons-0902,K2 Zn2 P2,353.58575097957976
mb-phonons-0903,K2 Zn2 Sb2,206.5857626516433
mb-phonons-0904,K3 Cu3 P2,371.58574955034754
mb-phonons-0905,Rb4 S6,452.5857431188022
mb-phonons-0906,Rb4 Se6,232.5857605871967
mb-phonons-0907,Cs4 Se6,237.58576019018776
mb-phonons-0908,Sn4 F8,439.5857441510256
mb-phonons-0909,Rb2 Cu2 O4,669.5857258886133
mb-phonons-0910,Rb4 Cu4 O4,628.5857291440867
mb-phonons-0911,Rb2 Au2 O4,620.585729779301
mb-phonons-0912,K4 P4 Pd2,490.58574010153404
mb-phonons-0913,Rb3 N3 O6,1321.5856741186446
mb-phonons-0915,Ti2 Bi4 O10,834.5857127873172
mb-phonons-0916,Li1 Cu1 F2,674.5857254916042
mb-phonons-0917,La1 Ag1 O2,536.7372200565968
mb-phonons-0918,Ca1 Cd1 O2,465.5857420865789
mb-phonons-0920,P2 N2 O2,1342.5856724512068
mb-phonons-0921,Sc2 Ti2 O7,926.5857054823524
mb-phonons-0923,Y2 H2 O4,2657.585568037849
mb-phonons-0924,Sr1 As2 O6,734.5857207274968
mb-phonons-0926,Na1 Ag1 O2,572.5857335905872
mb-phonons-0928,Ba2 Hf1 O4,740.5857202510858
mb-phonons-0929,Na2 Sb2 O4,619.5857298587027
mb-phonons-0930,Sr1 Ca2 I6,199.5857632074558
mb-phonons-0931,La2 Ag2 O4,537.5857363696499
mb-phonons-0932,Ba2 Se4,225.5857611430092
mb-phonons-0934,Ba2 Se6,237.58576019018776
mb-phonons-0935,Li5 Ta1 O5,861.5857106434689
mb-phonons-0939,Na2 La2 O4,539.5857362108462
mb-phonons-0940,Y2 Te1 O2,539.651141832417
mb-phonons-0941,Ba3 Zr2 O7,737.4038770818173
mb-phonons-0943,Li6 As2,464.58574216598083
mb-phonons-0945,Mo1 Se2,296.585755505482
mb-phonons-0948,Li3 V1 S4,520.5857377194803
mb-phonons-0949,Rb4 I2 O1,270.5857575699285
mb-phonons-0950,Li2 Pd1 O2,611.5857304939171
mb-phonons-0951,Li2 Ca1 Si1 O4,934.5857048471382
mb-phonons-0952,Li2 Ca1 Ge1 O4,745.585719854077
mb-phonons-0953,Si6 C6,932.5857050059418
mb-phonons-0954,K4 Ag2 As2,227.5857609842057
mb-phonons-0955,K4 Ag2 Sb2,195.58576352506302
mb-phonons-0956,Rb2 Sc2 O4,544.5857358138372
mb-phonons-0958,K4 S6,447.58574351581115
mb-phonons-0959,K4 Se6,229.585760825402
mb-phonons-0960,K4 I2 O1,289.5857560612945
mb-phonons-0961,Li2 Sb2 O6,663.5857263650239
mb-phonons-0963,K2 Ca2 Bi2,193.5857636838666
mb-phonons-0964,La2 Se2 F2,319.58575367924067
mb-phonons-0965,K1 Li1 Zn1 S2,450.5857432776057
mb-phonons-0966,Sr3 Sb1 N1,381.5857487563297
mb-phonons-0967,Hf2 O4,759.5857187424518
mb-phonons-0969,Na4 As2 Au2,222.5857613812146
mb-phonons-0970,Na4 Sb2 Au2,192.58576376326835
mb-phonons-0973,Ba2 P6,444.58574375401656
mb-phonons-0974,K2 Ge1 F6,607.5857308115244
mb-phonons-0975,Al1 P1 O4,1208.585683091047
mb-phonons-0976,Al1 As1 O4,990.5857004006378
mb-phonons-0977,Rb2 Sn2 O3,674.5857254916042
mb-phonons-0978,Rb2 O2,832.5857129461209
mb-phonons-0979,Cs2 O2,829.0174567200193
mb-phonons-0980,Cs2 Zr1 F6,562.5857343846051
mb-phonons-0982,Al2 Zn1 Se4,387.5857482799189
mb-phonons-0983,Al2 Zn1 Te4,332.5857526470174
mb-phonons-0984,Al2 Cd1 Te4,332.5857526470174
mb-phonons-0985,Al2 Hg1 Te4,329.58575288522275
mb-phonons-0986,K4 Cu4 O4,635.5857285882743
mb-phonons-0987,Mg1 Pd1 F6,642.5857280324616
mb-phonons-0988,Ca1 Pd1 F6,632.5857288264797
mb-phonons-0989,K2 Pt1 S2,351.58575113838333
mb-phonons-0990,Rb2 Pt1 S2,350.5857512177851
mb-phonons-0991,Sr6 P6,426.5857451832489
mb-phonons-0993,K2 Nb2 S4,375.58574923274034
mb-phonons-0994,Na2 Nb2 Se4,266.5857578875357
mb-phonons-0995,K2 Nb2 Se4,259.58575844334825
mb-phonons-0997,K1 La1 O2,449.5857433570076
mb-phonons-0998,Rb1 La1 O2,443.58574383341835
mb-phonons-0999,K2 Pd1 F6,615.58573017631
mb-phonons-1002,Al2 Cu2 Se4,375.58574923274034
mb-phonons-1004,Al3 F9,729.6775748147577
mb-phonons-1005,Ga2 N2,674.5857254916042
mb-phonons-1006,Rb2 S1,174.58576519250062
mb-phonons-1007,Zr2 Ge2 O8,799.5857155663801
mb-phonons-1008,Y2 As2 O8,903.5857073085936
mb-phonons-1009,Si1 C1,849.5857115962906
mb-phonons-1010,In2 Ga2 O6,647.5857276354526
mb-phonons-1011,K2 Mg1 C2 O6,1531.5856574442678
mb-phonons-1012,Rb1 Sc1 O2,545.5857357344355
mb-phonons-1013,K4 As4 Pd2,282.58575661710705
mb-phonons-1014,Ca2 Pd2 F8,533.585736687257
mb-phonons-1015,K1 Tl1 O2,418.58574581846324
mb-phonons-1016,Rb1 Tl1 O2,411.5857463742758
mb-phonons-1017,Hg1 F2,354.58575090017797
mb-phonons-1019,K4 Zn2 O4,483.81583242757483
mb-phonons-1021,Rb2 Pt1 F6,588.5857323201583
mb-phonons-1022,Ag4 P8,464.58574216598083
mb-phonons-1023,Zn1 Pt3 O6,739.5857203304878
mb-phonons-1024,Mg1 Pt3 O6,734.5857207274968
mb-phonons-1025,Cd1 Pt3 O6,689.5857243005772
mb-phonons-1027,K4 Si2 P4,478.5857410543556
mb-phonons-1028,Ca1 Pt1 F6,616.5857300969083
mb-phonons-1029,Zn1 Pt1 F6,621.5857296998992
mb-phonons-1030,Na4 Zn2 S4,310.5857543938568
mb-phonons-1031,K4 P6,505.58573891050713
mb-phonons-1032,K2 N6,2109.5856115500314
mb-phonons-1033,Sr1 Zn2 P2,314.5857540762497
mb-phonons-1035,Ba1 Mg2 P2,310.5857543938568
mb-phonons-1036,Ba1 Cd2 P2,276.58575709351777
mb-phonons-1038,Sr4 P2 O1,462.6991086384732
mb-phonons-1039,Sr4 As2 O1,440.3395289741532
mb-phonons-1041,Si3 Ni1 P4,494.58573978392684
mb-phonons-1042,Ba2 Zr1 O4,726.5857213627112
mb-phonons-1043,Cs4 Te4,166.585765827715
mb-phonons-1044,Te4 O8,731.5857209657021
mb-phonons-1045,Cs1 Cd1 F3,436.58574438923085
mb-phonons-1046,Rb1 Mg1 F3,459.58574256298965
mb-phonons-1047,Li3 La1 Sb2,384.58574851812415
mb-phonons-1048,Li3 La1 P2,456.5857428011951
mb-phonons-1050,Li4 O4,800.5857154869783
mb-phonons-1051,Na4 Ag2 As2,243.5857597137769
mb-phonons-1054,K4 Cu2 P2,356.58575074137434
mb-phonons-1055,K1 F1,204.58576281044685
mb-phonons-1056,Cs1 F1,213.47561009872064
mb-phonons-1057,Cd2 S2 O8,1186.5856848378864
mb-phonons-1058,Sn2 O4,717.5857220773271
mb-phonons-1059,Ba1 Ag2 S2,250.5857591579644
mb-phonons-1060,Nb2 B2 O8,1091.5856923810568
mb-phonons-1062,Ir4 S6,442.5857439128201
mb-phonons-1063,K2 Pt1 Se2,208.5857624928397
mb-phonons-1064,Rb2 Pt1 Se2,207.58576257224152
mb-phonons-1065,K2 Te2 Pt1,175.58576511309886
mb-phonons-1066,Ba2 Sb1 Au1,107.58577051242077
mb-phonons-1067,Ba2 Bi1 Au1,94.58577154464407
mb-phonons-1068,Sb4 Ir4 S4,354.58575090017797
mb-phonons-1069,Mg1 Be2 As2,493.5857398633288
mb-phonons-1070,Cs2 Na2 Se2,195.58576352506302
mb-phonons-1071,Na2 Tl1 Sb1,168.24815042310587
mb-phonons-1072,Ti1 Fe2 Si1,412.58574629487396
mb-phonons-1073,Ag1 Br1,143.5857676539562
mb-phonons-1074,Sr2 Sn1 Hg1,122.58576932139387
mb-phonons-1075,Sr2 Bi1 Au1,121.58576940079568
mb-phonons-1076,Sr4 Ga2 Ge2 N2,618.5857299381046
mb-phonons-1077,Sc2 B2 O6,1315.585674595055
mb-phonons-1078,Na3 Sb1 Se4,251.99023701445657
mb-phonons-1079,K4 Te2 O6,731.5857209657021
mb-phonons-1080,Rb2 Li2 S2,376.58574915333855
mb-phonons-1082,K4 Hg1 P2,324.58575328223185
mb-phonons-1083,K2 Li2 Se2,366.5857499473565
mb-phonons-1084,Cs4 Zr2 O6,693.5857239829703
mb-phonons-1085,Ca4 As2 O1,474.58574137196274
mb-phonons-1086,Rb2 Ge1 F6,603.5857311291314
mb-phonons-1088,Na1 Rh1 O2,566.5857340669977
mb-phonons-1090,Ga4 O6,716.5857221567288
mb-phonons-1091,Rb2 Mg1 F4,450.5857432776057
mb-phonons-1093,Li1 Si1 B1 O4,1106.5856911900298
mb-phonons-1095,Al2 As2,366.5857499473565
mb-phonons-1096,Ga2 P2,376.58574915333855
mb-phonons-1097,Zn2 Te2,179.58576479549168
mb-phonons-1098,K2 Zr1 B2 O6,1376.5856697515458
mb-phonons-1099,Cd1 Sb2 O6,656.5857269208365
mb-phonons-1100,K4 Ge2 As4,262.5857582051429
mb-phonons-1101,Rb4 Sn2 As4,217.5857617782236
mb-phonons-1102,Cs4 Si2 P4,463.58574224538256
mb-phonons-1104,Pt2 F8,657.5857268414347
mb-phonons-1106,Ta2 In2 O8,795.5857158839873
mb-phonons-1107,Rb2 Te2 Au2,203.58576288984864
mb-phonons-1108,Rb2 Au2 S2,335.58575240881197
mb-phonons-1109,Rb6 S6,481.5857408161503
mb-phonons-1110,Rb6 Se6,254.58575884035724
mb-phonons-1111,Na2 Zr2 Cu2 S6,313.352607426604
mb-phonons-1112,Li1 Zn1 As1,357.5857506619725
mb-phonons-1113,Ca1 Sb2 O6,657.5857268414347
mb-phonons-1114,Sr1 Sb2 O6,652.5857272384436
mb-phonons-1115,Ba1 Sb2 O6,644.585727873658
mb-phonons-1116,Li1 P1 F6,894.5857080232097
mb-phonons-1117,Li1 As1 F6,711.5857225537379
mb-phonons-1118,Li1 Cu1 O2,630.5857289852831
mb-phonons-1119,Ba2 Cu2 Se2 F2,282.39473424405037
mb-phonons-1120,Fe1 Si4 P4,504.5857389899089
mb-phonons-1121,K3 Au1 O1,286.5857562994999
mb-phonons-1122,K2 Se2 O4 F2,869.7640424355068
mb-phonons-1123,Hf1 Ni1 Sn1,239.5857600313841
mb-phonons-1124,Zr1 Ni1 Sn1,228.58576090480392
mb-phonons-1125,Ti1 Ni1 Sn1,272.585757411125
mb-phonons-1126,Li2 B2 C2,1204.5856834086542
mb-phonons-1129,Cs2 Pt1 F6,584.5857326377655
mb-phonons-1132,Sb4 Ir4 S4,359.5857505031691
mb-phonons-1133,K3 Sb2 Au3,188.58576408087555
mb-phonons-1134,Rb3 Sb2 Au3,186.5857642396791
mb-phonons-1135,Ta1 Cu3 Te4,223.58576130181282
mb-phonons-1137,Ba2 Zn1 N2,659.5857266826313
mb-phonons-1138,K2 Zr2 Cu2 S6,331.5857527264192
mb-phonons-1139,Ba2 Hf1 S4,446.0864616460566
mb-phonons-1140,Rb1 La1 S2,250.5857591579644
mb-phonons-1142,Sr1 Hf1 N2,590.5857321613547
mb-phonons-1143,Cs1 Au3 S2,341.58575193240125
mb-phonons-1144,Rb1 Au3 Se2,242.58575979317874
mb-phonons-1146,Nb1 Fe1 Sb1,308.58575455266043
mb-phonons-1147,K2 Al1 F5,624.5857294616939
mb-phonons-1148,Sr2 Ti2 N4,781.5857169956122
mb-phonons-1149,Li2 Be2 As2,497.5857395457216
mb-phonons-1150,Ca1 Mg2 As2,306.58575471146406
mb-phonons-1151,Ca1 Mg2 Sb2,254.58575884035724
mb-phonons-1152,Sr1 Mg2 Sb2,259.58575844334825
mb-phonons-1153,Ba1 Mg2 Sb2,252.58575899916082
mb-phonons-1155,Ca1 Cd2 P2,297.5857554260802
mb-phonons-1156,Ca1 Zn2 As2,212.5857621752325
mb-phonons-1157,Li2 Be2 Sb2,468.58574184837363
mb-phonons-1158,K2 Zn1 F4,493.5857398633288
mb-phonons-1159,Nb2 In2 O8,783.5857168368087
mb-phonons-1161,Zr1 Fe1 Te1,276.58575709351777
mb-phonons-1162,Ti1 Fe1 Te1,315.58575399684787
mb-phonons-1163,Sc1 Co1 Te1,273.5857573317232
mb-phonons-1164,Ti1 Sn1 Pd1,248.585759316768
mb-phonons-1165,Li1 Ca1 As1,305.58575479086585
mb-phonons-1167,Zr1 Sn1 Pd1,211.58576225463432
mb-phonons-1168,Zr1 In1 Au1,196.5857634456612
mb-phonons-1169,Li1 Zn1 P1,364.58575010616005
mb-phonons-1170,Ti1 Si1 Pt1,368.58574978855285
mb-phonons-1171,Zr1 Si1 Pt1,320.5857535998389
mb-phonons-1172,Zr1 Sn1 Pt1,211.58576225463432
mb-phonons-1174,Al2 Ag2 O4,780.5857170750141
mb-phonons-1175,Cs1 Sb1 F6,640.5857281912653
mb-phonons-1176,Li2 As2 O6,722.5857216803181
mb-phonons-1177,K6 B2 P4,1117.5856903166102
mb-phonons-1178,In2 P2,328.5857529646245
mb-phonons-1179,K4 Ni2 P4,491.5857400221323
mb-phonons-1180,Cs6 B2 P4,1117.5856903166102
mb-phonons-1181,K4 P2 Au2,317.58575383804435
mb-phonons-1182,K4 Ge2 Se6,308.58575455266043
mb-phonons-1183,K2 O1,296.585755505482
mb-phonons-1185,Rb6 B2 P4,1114.5856905548158
mb-phonons-1186,Sc2 Al2 C2 O2,765.585718266041
mb-phonons-1187,Rb2 Au2 Se2,231.03896111579812
mb-phonons-1188,Sc1 Ag1 O2,566.5857340669977
mb-phonons-1189,Ba3 Na3 P3,211.58576225463432
mb-phonons-1190,Rh4 S6,411.5857463742758
mb-phonons-1191,Hg2 F4,471.84628776184684
mb-phonons-1192,Rb2 Tc2 O8,949.5857036561116
mb-phonons-1193,Rb1 Zn4 P3,311.585754314455
mb-phonons-1195,Li2 Br2,358.5857505825708
mb-phonons-1196,K2 Pt1 C2,1801.585636005784
mb-phonons-1198,K4 Ag2 P2,294.5857556642855
mb-phonons-1199,Rb2 Hf2 Ag2 Te6,154.5857667805365
mb-phonons-1200,Sr1 Ga1 Ge1 H1,1159.5856869817349
mb-phonons-1201,Sr1 Ga1 Sn1 H1,1208.585683091047
mb-phonons-1202,Sr1 Ga1 Si1 H1,1124.5856897607975
mb-phonons-1203,Rb4 Ge2 Se6,308.7520560368611
mb-phonons-1204,Sr1 Al1 Ge1 H1,1230.5856813442074
mb-phonons-1205,Sr1 F2,334.58575248821387
mb-phonons-1208,Cu2 B2 Se4,607.5857308115244
mb-phonons-1209,K2 Li1 Al1 F6,634.585728667676
mb-phonons-1210,Ba1 Al2 B2 O7,1377.585669672144
mb-phonons-1211,Rb2 Ca2 As2,224.58576122241104
mb-phonons-1213,Cs1 Rb2 Sb1,73.56765209308998
mb-phonons-1214,K2 Hf2 Cu2 S6,334.58575248821387
mb-phonons-1215,Cs4 Zr2 Se6,289.5857560612945
mb-phonons-1216,K4 Be1 P2,848.5857116756923
mb-phonons-1217,K2 Au2 Se2,229.9570867399526
mb-phonons-1218,Rb2 Na1 Ga1 F6,511.5857384340965
mb-phonons-1220,Y2 W2 N6,955.5857031797003
mb-phonons-1221,Sr2 W2 N6,918.5857061175667
mb-phonons-1222,Rb2 Na1 As1 F6,477.2236575467816
mb-phonons-1224,Cs2 Al1 In1 H6,1340.341044368494
mb-phonons-1226,Cs2 Tl1 Ga1 F6,501.58573922811433
mb-phonons-1227,Na1 Tl2 Ga1 F6,507.58573875170373
mb-phonons-1228,Cs2 Li1 Tl1 F6,411.5857463742758
mb-phonons-1229,Cs2 Na1 In1 Cl6,285.58575637890164
mb-phonons-1230,Cs2 Al1 Tl1 H6,1390.5856686399204
mb-phonons-1231,Cs2 Na1 As1 Cl6,276.58575709351777
mb-phonons-1232,Cs2 Na1 In1 H6,1317.5856744362516
mb-phonons-1233,Ca2 W2 N6,1335.5856730070195
mb-phonons-1234,Cs2 Rb1 Ga1 F6,512.5857383546946
mb-phonons-1235,Sr2 W2 N6,1012.5856986537982
mb-phonons-1236,Ca2 Mo2 N6,1002.9447513380701
mb-phonons-1239,La2 Co2 N6,1840.5856329091127
mb-phonons-1240,Ag4 Ge2 S6,404.58574693008836
mb-phonons-1241,Li2 Be2 P2,555.5857349404176
mb-phonons-1242,V1 Cu3 Te4,289.5857560612945
mb-phonons-1244,Li2 Zn2 Sb2,262.5857582051429
mb-phonons-1245,Li2 Au2 O4,653.5857271590419
mb-phonons-1246,Li2 Ag2 O4,595.5857317643457
mb-phonons-1247,Ag2 Au2 O4,608.5857307321222
mb-phonons-1249,K2 Au2 O4,622.5857296204973
mb-phonons-1250,Cd2 Au2 O4,634.585728667676
mb-phonons-1251,Na2 Cu2 O4,675.5857254122026
mb-phonons-1252,Sr2 Ag2 O4,525.5857373224713
mb-phonons-1253,Na1 Au1 O2,603.5857311291314
mb-phonons-1254,Rb1 Sn1 Cl3,238.4559452332465
mb-phonons-1255,Rb1 Ca1 Br3,225.52557371613608
mb-phonons-1256,Cs2 Se2 Br6,190.0023038850011
mb-phonons-1257,Cs2 Sr2 Br6,157.58576654233113
mb-phonons-1259,K2 Ca2 Br6,212.5857621752325
mb-phonons-1260,Cs4 Au4 O4,541.5857360520424
mb-phonons-1262,Rb2 Pb2 Cl6,223.58576130181282
mb-phonons-1263,K2 Ge2 Br6,219.71838321658527
mb-phonons-1264,N4,1090.5856924604586
mb-phonons-1265,W1 N2,1038.5856965893518
